{"hash":"c0bfea78716c83d169fe3463f6e3fd489ed075b7","data":{"post":{"title":"8 ways to use the Spread operator in JavaScript","date":"May 27, 2020","content":"<p>Learn how to use spread operator in JavaScript</p>\n<p><img src=\"https://cdn-images-1.medium.com/max/3208/1*ck6Fs5k54T8Yv09D2dS0jA.png\" alt=\"Spread Syntax Example\"><em>Spread Syntax Example</em></p>\n<p>The spread operator <code>(...)</code> is introduced in ES6 .</p>\n<p>Spread operator expands an iterable objects into its individual element. An iterable object is anything that you can loop over with our for of loop .</p>\n<p>Example of iterable : Array, String , Map, Set, DOM nodes.</p>\n<h3 id=\"1-using-spread-operator-in-logging\"><a href=\"#1-using-spread-operator-in-logging\" aria-hidden=\"true\"><span class=\"icon icon-link\"></span></a>1. Using Spread Operator in logging</h3>\n<p>You can use spread operator in console.log with iterable objects</p>\n<pre class=\"shiki\" style=\"background-color: #292D3E\"><code><span style=\"color: #C792EA\">let</span><span style=\"color: #FFFFFF\"> </span><span style=\"color: #A6ACCD\">fruits</span><span style=\"color: #FFFFFF\"> </span><span style=\"color: #C792EA\">=</span><span style=\"color: #FFFFFF\"> [</span><span style=\"color: #89DDFF\">'</span><span style=\"color: #C3E88D\">🍈</span><span style=\"color: #89DDFF\">'</span><span style=\"color: #89DDFF\">,</span><span style=\"color: #FFFFFF\"> </span><span style=\"color: #89DDFF\">'</span><span style=\"color: #C3E88D\">🍉</span><span style=\"color: #89DDFF\">'</span><span style=\"color: #89DDFF\">,</span><span style=\"color: #FFFFFF\"> </span><span style=\"color: #89DDFF\">'</span><span style=\"color: #C3E88D\">🍋</span><span style=\"color: #89DDFF\">'</span><span style=\"color: #89DDFF\">,</span><span style=\"color: #FFFFFF\"> </span><span style=\"color: #89DDFF\">'</span><span style=\"color: #C3E88D\">🍌</span><span style=\"color: #89DDFF\">'</span><span style=\"color: #FFFFFF\">]</span><span style=\"color: #89DDFF\">;</span>\n\n<span style=\"color: #FFCB6B\">console</span><span style=\"color: #89DDFF\">.</span><span style=\"color: #82AAFF\">log</span><span style=\"color: #FFFFFF\">(</span><span style=\"color: #C792EA\">...</span><span style=\"color: #A6ACCD\">fruits</span><span style=\"color: #FFFFFF\">)</span><span style=\"color: #89DDFF\">;</span><span style=\"color: #FFFFFF\"> </span><span style=\"color: #676E95\">//🍈 🍉 🍋 🍌</span></code></pre>\n<h3 id=\"2-spread-operator-for-copying-arrays\"><a href=\"#2-spread-operator-for-copying-arrays\" aria-hidden=\"true\"><span class=\"icon icon-link\"></span></a>2. Spread operator for Copying Arrays</h3>\n<pre class=\"shiki\" style=\"background-color: #292D3E\"><code><span style=\"color: #C792EA\">let</span><span style=\"color: #FFFFFF\"> </span><span style=\"color: #A6ACCD\">fruits</span><span style=\"color: #FFFFFF\"> </span><span style=\"color: #C792EA\">=</span><span style=\"color: #FFFFFF\"> [</span><span style=\"color: #89DDFF\">'</span><span style=\"color: #C3E88D\">🍈</span><span style=\"color: #89DDFF\">'</span><span style=\"color: #89DDFF\">,</span><span style=\"color: #FFFFFF\"> </span><span style=\"color: #89DDFF\">'</span><span style=\"color: #C3E88D\">🍉</span><span style=\"color: #89DDFF\">'</span><span style=\"color: #89DDFF\">,</span><span style=\"color: #FFFFFF\"> </span><span style=\"color: #89DDFF\">'</span><span style=\"color: #C3E88D\">🍋</span><span style=\"color: #89DDFF\">'</span><span style=\"color: #89DDFF\">,</span><span style=\"color: #FFFFFF\"> </span><span style=\"color: #89DDFF\">'</span><span style=\"color: #C3E88D\">🍌</span><span style=\"color: #89DDFF\">'</span><span style=\"color: #FFFFFF\">]</span><span style=\"color: #89DDFF\">;</span>\n\n<span style=\"color: #C792EA\">let</span><span style=\"color: #FFFFFF\"> </span><span style=\"color: #A6ACCD\">fruitsCopy</span><span style=\"color: #FFFFFF\"> </span><span style=\"color: #C792EA\">=</span><span style=\"color: #FFFFFF\"> [ </span><span style=\"color: #C792EA\">...</span><span style=\"color: #A6ACCD\">fruits</span><span style=\"color: #FFFFFF\"> ]</span><span style=\"color: #89DDFF\">;</span>\n\n<span style=\"color: #FFCB6B\">console</span><span style=\"color: #89DDFF\">.</span><span style=\"color: #82AAFF\">log</span><span style=\"color: #FFFFFF\">(</span><span style=\"color: #C792EA\">...</span><span style=\"color: #A6ACCD\">fruitsCopy</span><span style=\"color: #FFFFFF\">)</span><span style=\"color: #89DDFF\">;</span><span style=\"color: #FFFFFF\"> </span><span style=\"color: #676E95\">//🍈 🍉 🍋 🍌</span></code></pre>\n<p>Copy objects</p>\n<pre class=\"shiki\" style=\"background-color: #292D3E\"><code><span style=\"color: #C792EA\">let</span><span style=\"color: #FFFFFF\"> </span><span style=\"color: #A6ACCD\">user</span><span style=\"color: #FFFFFF\"> </span><span style=\"color: #C792EA\">=</span><span style=\"color: #FFFFFF\"> </span><span style=\"color: #89DDFF\">{</span><span style=\"color: #FFFFFF\">name </span><span style=\"color: #89DDFF\">:</span><span style=\"color: #FFFFFF\"> </span><span style=\"color: #89DDFF\">\"</span><span style=\"color: #C3E88D\">John</span><span style=\"color: #89DDFF\">\"</span><span style=\"color: #89DDFF\">,</span><span style=\"color: #FFFFFF\"> age </span><span style=\"color: #89DDFF\">:</span><span style=\"color: #FFFFFF\"> </span><span style=\"color: #F78C6C\">20</span><span style=\"color: #FFFFFF\"> </span><span style=\"color: #89DDFF\">}</span>\n\n<span style=\"color: #C792EA\">let</span><span style=\"color: #FFFFFF\"> </span><span style=\"color: #A6ACCD\">userCopy</span><span style=\"color: #FFFFFF\"> </span><span style=\"color: #C792EA\">=</span><span style=\"color: #FFFFFF\"> </span><span style=\"color: #89DDFF\">{</span><span style=\"color: #C792EA\">...</span><span style=\"color: #A6ACCD\">user</span><span style=\"color: #89DDFF\">}</span></code></pre>\n<blockquote>\n<p>The spread operator <em>does not perform deep-copy.</em></p>\n</blockquote>\n<h3 id=\"3-spread-operator-for-merging\"><a href=\"#3-spread-operator-for-merging\" aria-hidden=\"true\"><span class=\"icon icon-link\"></span></a>3. Spread operator for Merging</h3>\n<pre class=\"shiki\" style=\"background-color: #292D3E\"><code><span style=\"color: #C792EA\">let</span><span style=\"color: #FFFFFF\"> </span><span style=\"color: #A6ACCD\">fruits</span><span style=\"color: #FFFFFF\"> </span><span style=\"color: #C792EA\">=</span><span style=\"color: #FFFFFF\"> [</span><span style=\"color: #89DDFF\">'</span><span style=\"color: #C3E88D\">🍈</span><span style=\"color: #89DDFF\">'</span><span style=\"color: #89DDFF\">,</span><span style=\"color: #FFFFFF\"> </span><span style=\"color: #89DDFF\">'</span><span style=\"color: #C3E88D\">🍉</span><span style=\"color: #89DDFF\">'</span><span style=\"color: #89DDFF\">,</span><span style=\"color: #FFFFFF\"> </span><span style=\"color: #89DDFF\">'</span><span style=\"color: #C3E88D\">🍋</span><span style=\"color: #89DDFF\">'</span><span style=\"color: #89DDFF\">,</span><span style=\"color: #FFFFFF\"> </span><span style=\"color: #89DDFF\">'</span><span style=\"color: #C3E88D\">🍌</span><span style=\"color: #89DDFF\">'</span><span style=\"color: #FFFFFF\">]</span><span style=\"color: #89DDFF\">;</span>\n\n<span style=\"color: #C792EA\">let</span><span style=\"color: #FFFFFF\"> </span><span style=\"color: #A6ACCD\">vegetables</span><span style=\"color: #FFFFFF\"> </span><span style=\"color: #C792EA\">=</span><span style=\"color: #FFFFFF\"> [</span><span style=\"color: #89DDFF\">'</span><span style=\"color: #C3E88D\">🍅</span><span style=\"color: #89DDFF\">'</span><span style=\"color: #89DDFF\">,</span><span style=\"color: #FFFFFF\"> </span><span style=\"color: #89DDFF\">'</span><span style=\"color: #C3E88D\">🍆</span><span style=\"color: #89DDFF\">'</span><span style=\"color: #89DDFF\">,</span><span style=\"color: #FFFFFF\"> </span><span style=\"color: #89DDFF\">'</span><span style=\"color: #C3E88D\">🥒</span><span style=\"color: #89DDFF\">'</span><span style=\"color: #FFFFFF\">]</span><span style=\"color: #89DDFF\">;</span>\n\n<span style=\"color: #C792EA\">let</span><span style=\"color: #FFFFFF\"> </span><span style=\"color: #A6ACCD\">fruitsAndVeg</span><span style=\"color: #FFFFFF\"> </span><span style=\"color: #C792EA\">=</span><span style=\"color: #FFFFFF\"> [</span><span style=\"color: #C792EA\">...</span><span style=\"color: #A6ACCD\">fruits</span><span style=\"color: #89DDFF\">,</span><span style=\"color: #FFFFFF\"> </span><span style=\"color: #C792EA\">...</span><span style=\"color: #A6ACCD\">vegetables</span><span style=\"color: #FFFFFF\">]</span><span style=\"color: #89DDFF\">```</span>\n\n<span style=\"color: #C3E88D\">Merging Objects</span>\n\n<span style=\"color: #C3E88D\">While merging objects, if a key already present then it is replaced by last object with same key.</span>\n\n<span style=\"color: #89DDFF\">```</span><span style=\"color: #A6ACCD\">js</span>\n<span style=\"color: #C792EA\">let</span><span style=\"color: #FFFFFF\"> </span><span style=\"color: #A6ACCD\">user1</span><span style=\"color: #FFFFFF\"> </span><span style=\"color: #C792EA\">=</span><span style=\"color: #FFFFFF\"> </span><span style=\"color: #89DDFF\">{</span><span style=\"color: #FFFFFF\">name </span><span style=\"color: #89DDFF\">:</span><span style=\"color: #FFFFFF\"> </span><span style=\"color: #89DDFF\">\"</span><span style=\"color: #C3E88D\">John</span><span style=\"color: #89DDFF\">\"</span><span style=\"color: #89DDFF\">,</span><span style=\"color: #FFFFFF\"> age </span><span style=\"color: #89DDFF\">:</span><span style=\"color: #FFFFFF\"> </span><span style=\"color: #F78C6C\">20</span><span style=\"color: #FFFFFF\"> </span><span style=\"color: #89DDFF\">};</span>\n\n<span style=\"color: #C792EA\">let</span><span style=\"color: #FFFFFF\"> </span><span style=\"color: #A6ACCD\">user2</span><span style=\"color: #FFFFFF\"> </span><span style=\"color: #C792EA\">=</span><span style=\"color: #FFFFFF\"> </span><span style=\"color: #89DDFF\">{</span><span style=\"color: #FFFFFF\">name </span><span style=\"color: #89DDFF\">:</span><span style=\"color: #FFFFFF\"> </span><span style=\"color: #89DDFF\">\"</span><span style=\"color: #C3E88D\">Ram</span><span style=\"color: #89DDFF\">\"</span><span style=\"color: #89DDFF\">,</span><span style=\"color: #FFFFFF\"> salary</span><span style=\"color: #89DDFF\">:</span><span style=\"color: #FFFFFF\"> </span><span style=\"color: #89DDFF\">'</span><span style=\"color: #C3E88D\">20K</span><span style=\"color: #89DDFF\">'</span><span style=\"color: #FFFFFF\"> </span><span style=\"color: #89DDFF\">};</span>\n\n<span style=\"color: #C792EA\">let</span><span style=\"color: #FFFFFF\"> </span><span style=\"color: #A6ACCD\">userCopy</span><span style=\"color: #FFFFFF\"> </span><span style=\"color: #C792EA\">=</span><span style=\"color: #FFFFFF\"> </span><span style=\"color: #89DDFF\">{</span><span style=\"color: #C792EA\">...</span><span style=\"color: #A6ACCD\">user1</span><span style=\"color: #89DDFF\">,</span><span style=\"color: #FFFFFF\"> </span><span style=\"color: #C792EA\">...</span><span style=\"color: #A6ACCD\">user2</span><span style=\"color: #89DDFF\">};</span>\n\n<span style=\"color: #A6ACCD\">userCopy</span><span style=\"color: #FFFFFF\"> </span><span style=\"color: #89DDFF\">;</span><span style=\"color: #FFFFFF\"> </span><span style=\"color: #676E95\">// **{name : \"Ram\", age :20 , salary : '20K'};**</span></code></pre>\n<h3 id=\"4-spread-operator-for-passing-as-arguments\"><a href=\"#4-spread-operator-for-passing-as-arguments\" aria-hidden=\"true\"><span class=\"icon icon-link\"></span></a>4. Spread operator for Passing as arguments</h3>\n<pre class=\"shiki\" style=\"background-color: #292D3E\"><code><span style=\"color: #C792EA\">function</span><span style=\"color: #FFFFFF\"> </span><span style=\"color: #82AAFF\">sum</span><span style=\"color: #89DDFF\">(</span><span style=\"color: #FF5370\">a</span><span style=\"color: #89DDFF\">,</span><span style=\"color: #FFFFFF\"> </span><span style=\"color: #FF5370\">b</span><span style=\"color: #89DDFF\">)</span><span style=\"color: #FFFFFF\"> </span><span style=\"color: #89DDFF\">{</span>\n<span style=\"color: #FFFFFF\">   </span><span style=\"color: #89DDFF\">return</span><span style=\"color: #FFFFFF\"> </span><span style=\"color: #A6ACCD\">a</span><span style=\"color: #C792EA\">+</span><span style=\"color: #A6ACCD\">b</span><span style=\"color: #89DDFF\">;</span>\n<span style=\"color: #89DDFF\">}</span>\n\n<span style=\"color: #C792EA\">let</span><span style=\"color: #FFFFFF\"> </span><span style=\"color: #A6ACCD\">num</span><span style=\"color: #FFFFFF\"> </span><span style=\"color: #C792EA\">=</span><span style=\"color: #FFFFFF\"> [</span><span style=\"color: #F78C6C\">1</span><span style=\"color: #89DDFF\">,</span><span style=\"color: #F78C6C\">2</span><span style=\"color: #FFFFFF\">]</span><span style=\"color: #89DDFF\">;</span>\n\n<span style=\"color: #82AAFF\">sum</span><span style=\"color: #FFFFFF\">(</span><span style=\"color: #C792EA\">...</span><span style=\"color: #A6ACCD\">num</span><span style=\"color: #FFFFFF\">)</span><span style=\"color: #89DDFF\">;</span><span style=\"color: #FFFFFF\"> </span><span style=\"color: #676E95\">// 3</span></code></pre>\n<p>Using with math functions</p>\n<pre class=\"shiki\" style=\"background-color: #292D3E\"><code><span style=\"color: #C792EA\">let</span><span style=\"color: #FFFFFF\"> </span><span style=\"color: #A6ACCD\">num</span><span style=\"color: #FFFFFF\"> </span><span style=\"color: #C792EA\">=</span><span style=\"color: #FFFFFF\"> [</span><span style=\"color: #F78C6C\">5</span><span style=\"color: #89DDFF\">,</span><span style=\"color: #F78C6C\">9</span><span style=\"color: #89DDFF\">,</span><span style=\"color: #F78C6C\">3</span><span style=\"color: #89DDFF\">,</span><span style=\"color: #F78C6C\">5</span><span style=\"color: #89DDFF\">,</span><span style=\"color: #F78C6C\">7</span><span style=\"color: #FFFFFF\">]</span><span style=\"color: #89DDFF\">;</span>\n\n<span style=\"color: #F78C6C\">Math</span><span style=\"color: #89DDFF\">.</span><span style=\"color: #82AAFF\">min</span><span style=\"color: #FFFFFF\">(</span><span style=\"color: #C792EA\">...</span><span style=\"color: #A6ACCD\">num</span><span style=\"color: #FFFFFF\">)</span><span style=\"color: #89DDFF\">;</span>\n\n<span style=\"color: #F78C6C\">Math</span><span style=\"color: #89DDFF\">.</span><span style=\"color: #82AAFF\">max</span><span style=\"color: #FFFFFF\">(</span><span style=\"color: #C792EA\">...</span><span style=\"color: #A6ACCD\">num</span><span style=\"color: #FFFFFF\">)</span><span style=\"color: #89DDFF\">;</span></code></pre>\n<h3 id=\"5-spread-operator-in-destructuring-variable\"><a href=\"#5-spread-operator-in-destructuring-variable\" aria-hidden=\"true\"><span class=\"icon icon-link\"></span></a>5. Spread operator In Destructuring variable</h3>\n<pre class=\"shiki\" style=\"background-color: #292D3E\"><code><span style=\"color: #C792EA\">let</span><span style=\"color: #FFFFFF\"> </span><span style=\"color: #89DDFF\">[</span><span style=\"color: #A6ACCD\">melon</span><span style=\"color: #89DDFF\">,</span><span style=\"color: #FFFFFF\"> </span><span style=\"color: #C792EA\">...</span><span style=\"color: #A6ACCD\">fruits</span><span style=\"color: #FFFFFF\"> </span><span style=\"color: #89DDFF\">]</span><span style=\"color: #FFFFFF\"> </span><span style=\"color: #C792EA\">=</span><span style=\"color: #FFFFFF\"> [</span><span style=\"color: #89DDFF\">'</span><span style=\"color: #C3E88D\">🍉</span><span style=\"color: #89DDFF\">'</span><span style=\"color: #89DDFF\">,</span><span style=\"color: #FFFFFF\"> </span><span style=\"color: #89DDFF\">'</span><span style=\"color: #C3E88D\">🍋</span><span style=\"color: #89DDFF\">'</span><span style=\"color: #89DDFF\">,</span><span style=\"color: #FFFFFF\"> </span><span style=\"color: #89DDFF\">'</span><span style=\"color: #C3E88D\">🍌</span><span style=\"color: #89DDFF\">'</span><span style=\"color: #89DDFF\">,</span><span style=\"color: #FFFFFF\"> </span><span style=\"color: #89DDFF\">'</span><span style=\"color: #C3E88D\">🍊</span><span style=\"color: #89DDFF\">'</span><span style=\"color: #FFFFFF\">]</span><span style=\"color: #89DDFF\">;</span>\n\n<span style=\"color: #A6ACCD\">melon</span><span style=\"color: #89DDFF\">;</span><span style=\"color: #FFFFFF\"> </span><span style=\"color: #676E95\">//🍉</span>\n\n<span style=\"color: #A6ACCD\">fruits</span><span style=\"color: #89DDFF\">;</span><span style=\"color: #FFFFFF\"> </span><span style=\"color: #676E95\">// [ '🍋', '🍌', '🍊']</span></code></pre>\n<p>Destructing Objects</p>\n<pre class=\"shiki\" style=\"background-color: #292D3E\"><code><span style=\"color: #C792EA\">let</span><span style=\"color: #FFFFFF\"> </span><span style=\"color: #A6ACCD\">user</span><span style=\"color: #FFFFFF\"> </span><span style=\"color: #C792EA\">=</span><span style=\"color: #FFFFFF\"> </span><span style=\"color: #89DDFF\">{</span><span style=\"color: #FFFFFF\">name </span><span style=\"color: #89DDFF\">:</span><span style=\"color: #FFFFFF\"> </span><span style=\"color: #89DDFF\">\"</span><span style=\"color: #C3E88D\">Ram</span><span style=\"color: #89DDFF\">\"</span><span style=\"color: #89DDFF\">,</span><span style=\"color: #FFFFFF\"> age</span><span style=\"color: #89DDFF\">:</span><span style=\"color: #FFFFFF\"> </span><span style=\"color: #F78C6C\">20</span><span style=\"color: #89DDFF\">,</span><span style=\"color: #FFFFFF\"> salary</span><span style=\"color: #89DDFF\">:</span><span style=\"color: #FFFFFF\"> </span><span style=\"color: #89DDFF\">'</span><span style=\"color: #C3E88D\">20K</span><span style=\"color: #89DDFF\">'</span><span style=\"color: #89DDFF\">,</span><span style=\"color: #FFFFFF\"> job </span><span style=\"color: #89DDFF\">:</span><span style=\"color: #FFFFFF\"> </span><span style=\"color: #89DDFF\">\"</span><span style=\"color: #C3E88D\">Tester</span><span style=\"color: #89DDFF\">\"</span><span style=\"color: #FFFFFF\"> </span><span style=\"color: #89DDFF\">};</span>\n\n<span style=\"color: #C792EA\">let</span><span style=\"color: #FFFFFF\"> </span><span style=\"color: #89DDFF\">{</span><span style=\"color: #FFFFFF\"> </span><span style=\"color: #A6ACCD\">name</span><span style=\"color: #89DDFF\">,</span><span style=\"color: #FFFFFF\"> </span><span style=\"color: #A6ACCD\">age</span><span style=\"color: #89DDFF\">,</span><span style=\"color: #FFFFFF\"> </span><span style=\"color: #C792EA\">...</span><span style=\"color: #A6ACCD\">details</span><span style=\"color: #FFFFFF\"> </span><span style=\"color: #89DDFF\">}</span><span style=\"color: #FFFFFF\"> </span><span style=\"color: #C792EA\">=</span><span style=\"color: #FFFFFF\"> </span><span style=\"color: #A6ACCD\">user</span><span style=\"color: #89DDFF\">;</span>\n\n<span style=\"color: #A6ACCD\">name</span><span style=\"color: #89DDFF\">;</span><span style=\"color: #FFFFFF\"> </span><span style=\"color: #676E95\">// Ram</span>\n\n<span style=\"color: #A6ACCD\">age</span><span style=\"color: #89DDFF\">;</span><span style=\"color: #FFFFFF\"> </span><span style=\"color: #676E95\">// 20</span>\n\n<span style=\"color: #A6ACCD\">details</span><span style=\"color: #89DDFF\">;</span><span style=\"color: #FFFFFF\"> </span><span style=\"color: #676E95\">// {salary: '20K', job : 'Tester'};</span></code></pre>\n<h3 id=\"6-convert-nodelist-object-to-array\"><a href=\"#6-convert-nodelist-object-to-array\" aria-hidden=\"true\"><span class=\"icon icon-link\"></span></a>6. Convert NodeList Object to Array</h3>\n<p>NodeLists are array-like but don’t have all methods of Array, like forEach, map, filter, etc.</p>\n<pre class=\"shiki\" style=\"background-color: #292D3E\"><code><span style=\"color: #C792EA\">let</span><span style=\"color: #FFFFFF\"> </span><span style=\"color: #A6ACCD\">nodeList</span><span style=\"color: #FFFFFF\"> </span><span style=\"color: #C792EA\">=</span><span style=\"color: #FFFFFF\"> document</span><span style=\"color: #89DDFF\">.</span><span style=\"color: #82AAFF\">querySelectorAll</span><span style=\"color: #FFFFFF\">(</span><span style=\"color: #89DDFF\">'</span><span style=\"color: #C3E88D\">.class</span><span style=\"color: #89DDFF\">'</span><span style=\"color: #FFFFFF\">)</span>\n\n<span style=\"color: #C792EA\">var</span><span style=\"color: #FFFFFF\"> </span><span style=\"color: #A6ACCD\">nodeArray</span><span style=\"color: #FFFFFF\"> </span><span style=\"color: #C792EA\">=</span><span style=\"color: #FFFFFF\"> [</span><span style=\"color: #C792EA\">...</span><span style=\"color: #A6ACCD\">nodeList</span><span style=\"color: #FFFFFF\">]</span></code></pre>\n<h3 id=\"7-convert-string-to-character\"><a href=\"#7-convert-string-to-character\" aria-hidden=\"true\"><span class=\"icon icon-link\"></span></a>7. Convert String to Character</h3>\n<p>String is also an iterable object, so we can use ... to strings also.</p>\n<pre class=\"shiki\" style=\"background-color: #292D3E\"><code><span style=\"color: #C792EA\">let</span><span style=\"color: #FFFFFF\"> </span><span style=\"color: #A6ACCD\">name</span><span style=\"color: #FFFFFF\"> </span><span style=\"color: #C792EA\">=</span><span style=\"color: #FFFFFF\"> </span><span style=\"color: #89DDFF\">\"</span><span style=\"color: #C3E88D\">Ram</span><span style=\"color: #89DDFF\">\"</span><span style=\"color: #89DDFF\">;</span>\n\n<span style=\"color: #C792EA\">let</span><span style=\"color: #FFFFFF\"> </span><span style=\"color: #A6ACCD\">chars</span><span style=\"color: #FFFFFF\"> </span><span style=\"color: #C792EA\">=</span><span style=\"color: #FFFFFF\"> [</span><span style=\"color: #C792EA\">...</span><span style=\"color: #A6ACCD\">name</span><span style=\"color: #FFFFFF\">]</span><span style=\"color: #89DDFF\">;</span></code></pre>\n<h3 id=\"8-eliminate-duplicates-from-an-array\"><a href=\"#8-eliminate-duplicates-from-an-array\" aria-hidden=\"true\"><span class=\"icon icon-link\"></span></a>8. Eliminate Duplicates From an array</h3>\n<pre class=\"shiki\" style=\"background-color: #292D3E\"><code><span style=\"color: #C792EA\">let</span><span style=\"color: #FFFFFF\"> </span><span style=\"color: #A6ACCD\">num</span><span style=\"color: #FFFFFF\"> </span><span style=\"color: #C792EA\">=</span><span style=\"color: #FFFFFF\"> [</span><span style=\"color: #F78C6C\">1</span><span style=\"color: #89DDFF\">,</span><span style=\"color: #FFFFFF\"> </span><span style=\"color: #F78C6C\">3</span><span style=\"color: #89DDFF\">,</span><span style=\"color: #FFFFFF\"> </span><span style=\"color: #F78C6C\">1</span><span style=\"color: #89DDFF\">,</span><span style=\"color: #FFFFFF\"> </span><span style=\"color: #F78C6C\">3</span><span style=\"color: #89DDFF\">,</span><span style=\"color: #FFFFFF\"> </span><span style=\"color: #F78C6C\">3</span><span style=\"color: #89DDFF\">,</span><span style=\"color: #FFFFFF\"> </span><span style=\"color: #F78C6C\">1</span><span style=\"color: #FFFFFF\">]</span><span style=\"color: #89DDFF\">;</span>\n\n<span style=\"color: #C792EA\">let</span><span style=\"color: #FFFFFF\"> </span><span style=\"color: #A6ACCD\">uniqueNum</span><span style=\"color: #FFFFFF\"> </span><span style=\"color: #C792EA\">=</span><span style=\"color: #FFFFFF\"> [</span><span style=\"color: #C792EA\">...</span><span style=\"color: #A6ACCD\">new</span><span style=\"color: #FFFFFF\"> </span><span style=\"color: #FFCB6B\">Set</span><span style=\"color: #FFFFFF\">(</span><span style=\"color: #A6ACCD\">num</span><span style=\"color: #FFFFFF\">)]</span><span style=\"color: #89DDFF\">;</span>\n\n<span style=\"color: #A6ACCD\">uniqueNum</span><span style=\"color: #89DDFF\">;</span><span style=\"color: #FFFFFF\"> </span><span style=\"color: #676E95\">//[ 1, 3 ]</span></code></pre>\n","tags":[{"title":"Js","path":"/tag/Js/"},{"title":"ES6","path":"/tag/ES6/"},{"title":"jstips","path":"/tag/jstips/"},{"title":"programming","path":"/tag/programming/"}]}},"context":{}}