{"hash":"c0bfea78716c83d169fe3463f6e3fd489ed075b7","data":{"tag":{"title":"arguments","belongsTo":{"totalCount":2,"pageInfo":{"totalPages":1,"currentPage":1},"edges":[{"node":{"title":"Alert, prompt, confirm in JavaScript","timeToRead":2,"date":"May 28, 2020","path":"/alert-js","summary":"Learn the three basic user interactions in JavaScript.","tags":[{"title":"Js"},{"title":"arguments"},{"title":"jstips"},{"title":"ui"}]}},{"node":{"title":"Function arguments","timeToRead":2,"date":"May 28, 2020","path":"/function-arguments","summary":"Learn about how to use arguments objects inside function in JavaScript","tags":[{"title":"Js"},{"title":"arguments"},{"title":"jstips"},{"title":"HTML5"}]}}]}}},"context":{}}