{"hash":"c0bfea78716c83d169fe3463f6e3fd489ed075b7","data":{"tag":{"title":"jstips","belongsTo":{"totalCount":4,"pageInfo":{"totalPages":1,"currentPage":1},"edges":[{"node":{"title":"Alert, prompt, confirm in JavaScript","timeToRead":2,"date":"May 28, 2020","path":"/alert-js","summary":"Learn the three basic user interactions in JavaScript.","tags":[{"title":"Js"},{"title":"arguments"},{"title":"jstips"},{"title":"ui"}]}},{"node":{"title":"Everything about the audio tag in HTML and JavaScript","timeToRead":4,"date":"May 28, 2020","path":"/html-audio","summary":"In this article you will learn how to play, pause, stop, rewind, fast forward, audio using JavaScript and HTML","tags":[{"title":"Js"},{"title":"audio"},{"title":"jstips"},{"title":"HTML5"}]}},{"node":{"title":"Function arguments","timeToRead":2,"date":"May 28, 2020","path":"/function-arguments","summary":"Learn about how to use arguments objects inside function in JavaScript","tags":[{"title":"Js"},{"title":"arguments"},{"title":"jstips"},{"title":"HTML5"}]}},{"node":{"title":"8 ways to use the Spread operator in JavaScript","timeToRead":2,"date":"May 27, 2020","path":"/spread-operator","summary":"Spread operator expands an iterable objects into its individual element. An iterable object is anything that you can loop over with our for of loop .","tags":[{"title":"Js"},{"title":"ES6"},{"title":"jstips"},{"title":"programming"}]}}]}}},"context":{}}