{"hash":"c0bfea78716c83d169fe3463f6e3fd489ed075b7","data":{"post":{"title":"Impress Your Friends With These Fun and Useful Mac Terminal Commands","date":"May 28, 2020","content":"<p><img src=\"https://cdn-images-1.medium.com/max/11520/0*BzXB9T9_lxEJdutd\" alt=\"Photo by [Ash Edmonds](https://unsplash.com/@badashproducts?utm_source=medium&#x26;utm_medium=referral) on [Unsplash](https://unsplash.com?utm_source=medium&#x26;utm_medium=referral).\">Photo by <a href=\"https://unsplash.com/@badashproducts?utm_source=medium&#x26;utm_medium=referral\" target=\"_blank\" rel=\"nofollow noopener noreferrer\">Ash Edmonds</a> on <a href=\"https://unsplash.com?utm_source=medium&#x26;utm_medium=referral\" target=\"_blank\" rel=\"nofollow noopener noreferrer\">Unsplash</a>.</p>\n<p>We always want to know things that most people don’t. If you know something that only a few people do, you feel great about yourself. Here are eight fun commands that most people aren’t aware of.</p>\n<h2 id=\"1-make-your-mac-talk-to-you\"><a href=\"#1-make-your-mac-talk-to-you\" aria-hidden=\"true\"><span class=\"icon icon-link\"></span></a>1. Make Your Mac Talk to You</h2>\n<p>Yes, your Mac can talk to you. Whatever you say, it will repeat it.</p>\n<pre class=\"shiki\" style=\"background-color: #292D3E\"><code><span style=\"color: #FFFFFF\">say “I am Groot”</span>\n\n<span style=\"color: #FFFFFF\">say “I am great at impressing people”</span></code></pre>\n<p>The say command will dictate whatever sentence you enter between the double quotes in the default system voice.</p>\n<p>You can also change the voice by going to System Preferences → Accessibility, → Speech → System Voice pop-up menu, and then choosing a voice.</p>\n<p>It’s a cool terminal command to prank others with.</p>\n<h2 id=\"2-make-your-mac-restless\"><a href=\"#2-make-your-mac-restless\" aria-hidden=\"true\"><span class=\"icon icon-link\"></span></a>2. Make Your Mac Restless</h2>\n<p>If you’re not performing any interaction with your Mac, then it will enter into sleep mode to save energy. But in some cases, like when taking notes or reading a long article, you may forget to interact with your Mac and then have to enter your password to log in again. To prevent your Mac from falling asleep, you can use the caffeinate command:</p>\n<pre class=\"shiki\" style=\"background-color: #292D3E\"><code><span style=\"color: #FFFFFF\">caffeinate</span></code></pre>\n<p>We can also set time periods up so the command is only active for a temporary period of time.</p>\n<p>To do this, add the -t flag followed by the number of seconds you want the feature to be enabled for:</p>\n<pre class=\"shiki\" style=\"background-color: #292D3E\"><code><span style=\"color: #A6ACCD\">caffeinate</span><span style=\"color: #FFFFFF\">   </span><span style=\"color: #C792EA\">-</span><span style=\"color: #A6ACCD\">t</span><span style=\"color: #FFFFFF\"> </span><span style=\"color: #F78C6C\">600</span></code></pre>\n<p>The command above will make your Mac not enter the sleep state for 10 minutes (600 seconds). It can be stopped before then by pressing ctrl + c<em>.</em></p>\n<h2 id=\"3-download-youtube-videos-from-your-terminal\"><a href=\"#3-download-youtube-videos-from-your-terminal\" aria-hidden=\"true\"><span class=\"icon icon-link\"></span></a>3. Download YouTube Videos From Your Terminal</h2>\n<p>If you want to download YouTube videos, your Mac terminal can do that in a single command. To do this, you need to install youtube-dl:</p>\n<pre class=\"shiki\" style=\"background-color: #292D3E\"><code><span style=\"color: #FFFFFF\">brew install </span><span style=\"color: #A6ACCD\">youtube</span><span style=\"color: #C792EA\">-</span><span style=\"color: #A6ACCD\">dl</span></code></pre>\n<p>Once youtube-dl is installed, you can download any YouTube video as follows:</p>\n<pre class=\"shiki\" style=\"background-color: #292D3E\"><code><span style=\"color: #A6ACCD\">youtube</span><span style=\"color: #C792EA\">-</span><span style=\"color: #A6ACCD\">dl</span><span style=\"color: #FFFFFF\"> </span><span style=\"color: #89DDFF\">\"</span><span style=\"color: #C3E88D\">video-url</span><span style=\"color: #89DDFF\">\"</span></code></pre>\n<p>There are many options available. You can refer to <a href=\"https://youtube-dl.org/\" target=\"_blank\" rel=\"nofollow noopener noreferrer\">the documentation</a> for more information.</p>\n<h2 id=\"4-shut-down-your-mac\"><a href=\"#4-shut-down-your-mac\" aria-hidden=\"true\"><span class=\"icon icon-link\"></span></a>4. Shut Down Your Mac</h2>\n<p>If you want to shut down your Mac using the terminal, all you need to do is type this command:</p>\n<pre class=\"shiki\" style=\"background-color: #292D3E\"><code><span style=\"color: #FFFFFF\">sudo </span><span style=\"color: #A6ACCD\">shutdown</span><span style=\"color: #FFFFFF\"> </span><span style=\"color: #C792EA\">-</span><span style=\"color: #A6ACCD\">h</span><span style=\"color: #FFFFFF\"> </span><span style=\"color: #82AAFF\">now</span></code></pre>\n<p>Then enter your password. This will shut down your computer.</p>\n<p>To restart the computer:</p>\n<pre class=\"shiki\" style=\"background-color: #292D3E\"><code><span style=\"color: #FFFFFF\">sudo </span><span style=\"color: #A6ACCD\">shutdown</span><span style=\"color: #FFFFFF\"> </span><span style=\"color: #C792EA\">-</span><span style=\"color: #A6ACCD\">r</span><span style=\"color: #FFFFFF\"> </span><span style=\"color: #82AAFF\">now</span></code></pre>\n<p>To shut down your Mac after a certain period of time, you can use this:</p>\n<pre class=\"shiki\" style=\"background-color: #292D3E\"><code><span style=\"color: #FFFFFF\">sudo </span><span style=\"color: #A6ACCD\">shutdown</span><span style=\"color: #FFFFFF\"> </span><span style=\"color: #C792EA\">-</span><span style=\"color: #A6ACCD\">h</span><span style=\"color: #FFFFFF\"> </span><span style=\"color: #C792EA\">+</span><span style=\"color: #F78C6C\">60</span></code></pre>\n<p>The command above will shut down the machine in 60 minutes.</p>\n<p>Refer to <a href=\"https://apple.stackexchange.com/questions/103571/using-the-terminal-command-to-shutdown-restart-and-sleep-my-mac\" target=\"_blank\" rel=\"nofollow noopener noreferrer\">this page</a> for even more options to shut down your Mac.</p>\n<h2 id=\"5-make-your-mac-motivate-you-with-a-custom-message\"><a href=\"#5-make-your-mac-motivate-you-with-a-custom-message\" aria-hidden=\"true\"><span class=\"icon icon-link\"></span></a>5. Make Your Mac Motivate You With a Custom Message</h2>\n<p>Mac allows you to set a custom login message. You can write a motivational quote, or if you want to convey some message to someone using your computer, then this is a great choice. I added my address and mobile number on the login screen, so even if I lose my Mac, it would be easy for the person who found it to contact me.</p>\n<pre class=\"shiki\" style=\"background-color: #292D3E\"><code><span style=\"color: #FFFFFF\">sudo </span><span style=\"color: #82AAFF\">write</span><span style=\"color: #FFFFFF\"> /</span><span style=\"color: #A6ACCD\">Library</span><span style=\"color: #FFFFFF\">/</span><span style=\"color: #A6ACCD\">Preferences</span><span style=\"color: #FFFFFF\">/com.apple.loginwindow LoginwindowText </span><span style=\"color: #89DDFF\">\"</span><span style=\"color: #C3E88D\">Custom Text Here</span><span style=\"color: #89DDFF\">\"</span></code></pre>\n<p>This will ask for your administrative password. That’s it. For more detailed info, refer to <a href=\"https://www.lifewire.com/add-login-message-os-x-using-terminal-2260758\" target=\"_blank\" rel=\"nofollow noopener noreferrer\">this page</a>.</p>\n<h2 id=\"6-make-your-mac-display-the-weather-forecast\"><a href=\"#6-make-your-mac-display-the-weather-forecast\" aria-hidden=\"true\"><span class=\"icon icon-link\"></span></a>6. Make Your Mac Display the Weather Forecast</h2>\n<p>You don’t need to use a browser to get the weather forecast. You can do it from your terminal with a single-line command:</p>\n<pre class=\"shiki\" style=\"background-color: #292D3E\"><code><span style=\"color: #FFFFFF\">curl http://wttr.</span><span style=\"color: #A6ACCD\">in</span><span style=\"color: #FFFFFF\">/</span></code></pre>\n<p>It will bring you the weather forecast for the upcoming three days, with Morning, Noon, Evening, and Night sections.</p>\n<p><img src=\"https://cdn-images-1.medium.com/max/2000/0*gN2zaXnx58wgOCz0.png\"></p>\n<p>This will be really helpful if you’re a frequent traveler.</p>\n<p>To get the weather report for a particular city, you can use:</p>\n<pre class=\"shiki\" style=\"background-color: #292D3E\"><code><span style=\"color: #FFFFFF\">    curl wttr.</span><span style=\"color: #A6ACCD\">in</span><span style=\"color: #FFFFFF\">/</span><span style=\"color: #A6ACCD\">London</span></code></pre>\n<h2 id=\"7-get-the-history\"><a href=\"#7-get-the-history\" aria-hidden=\"true\"><span class=\"icon icon-link\"></span></a>7. Get the History</h2>\n<p>You can get your terminal command history using:</p>\n<pre class=\"shiki\" style=\"background-color: #292D3E\"><code><span style=\"color: #FFFFFF\">history</span></code></pre>\n<p>If you’re searching for a specific word from the command history, then you can use:</p>\n<pre class=\"shiki\" style=\"background-color: #292D3E\"><code><span style=\"color: #FFFFFF\">history | grep cd</span></code></pre>\n<p>The command above will list all the commands in the history that include cd.</p>\n<p>If you want to clear the command history, then you can use:</p>\n<pre class=\"shiki\" style=\"background-color: #292D3E\"><code><span style=\"color: #FFFFFF\">    </span><span style=\"color: #A6ACCD\">history</span><span style=\"color: #FFFFFF\"> </span><span style=\"color: #C792EA\">-</span><span style=\"color: #A6ACCD\">c</span></code></pre>\n<h2 id=\"8-change-save-location-of-the-screenshot\"><a href=\"#8-change-save-location-of-the-screenshot\" aria-hidden=\"true\"><span class=\"icon icon-link\"></span></a>8. Change Save Location of the ScreenShot</h2>\n<p>If you want to save your screenshot in a custom location, you can use this command:</p>\n<pre class=\"shiki\" style=\"background-color: #292D3E\"><code><span style=\"color: #FFFFFF\">defaults </span><span style=\"color: #82AAFF\">write</span><span style=\"color: #FFFFFF\"> com.apple.screencapture location </span><span style=\"color: #C792EA\">~</span><span style=\"color: #FFFFFF\">/</span><span style=\"color: #A6ACCD\">your</span><span style=\"color: #FFFFFF\">/</span><span style=\"color: #A6ACCD\">location</span><span style=\"color: #FFFFFF\">/</span><span style=\"color: #A6ACCD\">here</span></code></pre>\n<p>After this, enter another command:</p>\n<pre class=\"shiki\" style=\"background-color: #292D3E\"><code><span style=\"color: #A6ACCD\">killall</span><span style=\"color: #FFFFFF\"> </span><span style=\"color: #A6ACCD\">SystemUIServer</span></code></pre>\n<p>That’s it.</p>\n<p>Thanks for reading.</p>\n<p>Please donate <a href=\"https://www.paypal.me/jagathishSaravanan?locale.x=en_GB\" target=\"_blank\" rel=\"nofollow noopener noreferrer\">here</a>, for making more tutorials.</p>\n","tags":[{"title":"terminal","path":"/tag/terminal/"},{"title":"mac","path":"/tag/mac/"},{"title":"life-hacks","path":"/tag/life-hacks/"},{"title":"hacks","path":"/tag/hacks/"}]}},"context":{}}