<?xml version="1.0" encoding="UTF-8"?><rss xmlns:dc="http://purl.org/dc/elements/1.1/" xmlns:content="http://purl.org/rss/1.0/modules/content/" xmlns:atom="http://www.w3.org/2005/Atom" version="2.0"><channel><title><![CDATA[Gridsome Portfolio Starter Blog]]></title><description><![CDATA[Gridsome Portfolio Starter Blog]]></description><link>https://gridsome-portfolio-starter.netlify.com/</link><generator>RSS for Node</generator><lastBuildDate>Thu, 28 May 2020 10:55:45 GMT</lastBuildDate><atom:link href="https://gridsome-portfolio-starter.netlify.com/rss.xml" rel="self" type="application/rss+xml"/><item><title><![CDATA[8 ways to use the Spread operator in JavaScript]]></title><description><![CDATA[Spread operator expands an iterable objects into its individual element. An iterable object is anything that you can loop over with our for of loop .]]></description><link>https://gridsome-portfolio-starter.netlify.com/spread-operator</link><guid isPermaLink="true">https://gridsome-portfolio-starter.netlify.com/spread-operator</guid><dc:creator><![CDATA[Andre Madarang]]></dc:creator><pubDate>Wed, 27 May 2020 00:00:00 GMT</pubDate></item><item><title><![CDATA[Alert, prompt, confirm in JavaScript]]></title><description><![CDATA[Learn the three basic user interactions in JavaScript.]]></description><link>https://gridsome-portfolio-starter.netlify.com/alert-js</link><guid isPermaLink="true">https://gridsome-portfolio-starter.netlify.com/alert-js</guid><dc:creator><![CDATA[Andre Madarang]]></dc:creator><pubDate>Thu, 28 May 2020 00:00:00 GMT</pubDate></item><item><title><![CDATA[Everything about the audio tag in HTML and JavaScript]]></title><description><![CDATA[In this article you will learn how to play, pause, stop, rewind, fast forward, audio using JavaScript and HTML]]></description><link>https://gridsome-portfolio-starter.netlify.com/html-audio</link><guid isPermaLink="true">https://gridsome-portfolio-starter.netlify.com/html-audio</guid><dc:creator><![CDATA[Andre Madarang]]></dc:creator><pubDate>Thu, 28 May 2020 00:00:00 GMT</pubDate></item><item><title><![CDATA[Function arguments]]></title><description><![CDATA[Learn about how to use arguments objects inside function in JavaScript]]></description><link>https://gridsome-portfolio-starter.netlify.com/function-arguments</link><guid isPermaLink="true">https://gridsome-portfolio-starter.netlify.com/function-arguments</guid><dc:creator><![CDATA[Andre Madarang]]></dc:creator><pubDate>Thu, 28 May 2020 00:00:00 GMT</pubDate></item><item><title><![CDATA[Replace String Concatenation using Template Literals in JavaScript]]></title><description><![CDATA[Template Literals allows you to embed javascript expression inside the string and call functions using Tagged template literal]]></description><link>https://gridsome-portfolio-starter.netlify.com/template-literal</link><guid isPermaLink="true">https://gridsome-portfolio-starter.netlify.com/template-literal</guid><dc:creator><![CDATA[Andre Madarang]]></dc:creator><pubDate>Thu, 28 May 2020 00:00:00 GMT</pubDate></item><item><title><![CDATA[Impress Your Friends With These Fun and Useful Mac Terminal Commands]]></title><description><![CDATA[Learn how to Display the weather, shut down your computer, and more, all from your terminal.]]></description><link>https://gridsome-portfolio-starter.netlify.com/mac-tricks</link><guid isPermaLink="true">https://gridsome-portfolio-starter.netlify.com/mac-tricks</guid><dc:creator><![CDATA[Andre Madarang]]></dc:creator><pubDate>Thu, 28 May 2020 00:00:00 GMT</pubDate></item></channel></rss>