{"hash":"c0bfea78716c83d169fe3463f6e3fd489ed075b7","data":{"tag":{"title":"programming","belongsTo":{"totalCount":1,"pageInfo":{"totalPages":1,"currentPage":1},"edges":[{"node":{"title":"8 ways to use the Spread operator in JavaScript","timeToRead":2,"date":"May 27, 2020","path":"/spread-operator","summary":"Spread operator expands an iterable objects into its individual element. An iterable object is anything that you can loop over with our for of loop .","tags":[{"title":"Js"},{"title":"ES6"},{"title":"jstips"},{"title":"programming"}]}}]}}},"context":{}}