{"hash":"c0bfea78716c83d169fe3463f6e3fd489ed075b7","data":{"post":{"title":"Everything about the audio tag in HTML and JavaScript","date":"May 28, 2020","content":"<p><img src=\"https://cdn-images-1.medium.com/max/3040/1*Mzw2EvLq9M-9fBFfXIXFnA.png\" alt=\"Audio CheatSheet\"><em>Audio CheatSheet</em></p>\n<p>The audio tag allows you to add audio to your web pages. The audio is introduced in HTML5 .</p>\n<p>Adding an Audio tag is super easy</p>\n<pre class=\"shiki\" style=\"background-color: #292D3E\"><code><span style=\"color: #89DDFF\">&lt;</span><span style=\"color: #F07178\">audio</span><span style=\"color: #89DDFF\"> </span><span style=\"color: #FFCB6B\">src</span><span style=\"color: #89DDFF\">=</span><span style=\"color: #89DDFF\">\"</span><span style=\"color: #C3E88D\">/music/meow.mp3</span><span style=\"color: #89DDFF\">\"</span><span style=\"color: #89DDFF\">&gt;</span><span style=\"color: #FFFFFF\"> </span><span style=\"color: #89DDFF\">&lt;/</span><span style=\"color: #F07178\">audio</span><span style=\"color: #89DDFF\">&gt;</span></code></pre>\n<p>You can also show a message if the browser doesn’t support audio tag</p>\n<pre class=\"shiki\" style=\"background-color: #292D3E\"><code><span style=\"color: #89DDFF\">&lt;</span><span style=\"color: #F07178\">audio</span><span style=\"color: #89DDFF\"> </span><span style=\"color: #FFCB6B\">src</span><span style=\"color: #89DDFF\">=</span><span style=\"color: #89DDFF\">\"</span><span style=\"color: #C3E88D\">/music/meow.mp3</span><span style=\"color: #89DDFF\">\"</span><span style=\"color: #89DDFF\">&gt;</span>\n\n<span style=\"color: #FFFFFF\">    You're browser is Outdated . Please Update The Browser</span>\n\n<span style=\"color: #89DDFF\">&lt;/</span><span style=\"color: #F07178\">audio</span><span style=\"color: #89DDFF\">&gt;</span></code></pre>\n<h3 id=\"controls\"><a href=\"#controls\" aria-hidden=\"true\"><span class=\"icon icon-link\"></span></a>Controls</h3>\n<p>The above code alone doesn’t play the music or show anything, we need to add controls attribute to enable play &#x26;pause of the audio. By default controls is false , you can add enable controls of the audio tag by adding either <code>controls</code> or <code>controls = \"true”</code> .</p>\n<pre class=\"shiki\" style=\"background-color: #292D3E\"><code><span style=\"color: #89DDFF\">&lt;</span><span style=\"color: #F07178\">audio</span><span style=\"color: #89DDFF\"> </span><span style=\"color: #FFCB6B\">src</span><span style=\"color: #89DDFF\">=</span><span style=\"color: #89DDFF\">\"</span><span style=\"color: #C3E88D\">/music/meow.mp3</span><span style=\"color: #89DDFF\">\"</span><span style=\"color: #89DDFF\"> </span><span style=\"color: #FFCB6B\">controls</span><span style=\"color: #89DDFF\">&gt;</span>\n\n<span style=\"color: #FFFFFF\">    You're browser is Outdated . Please Update The Browser</span>\n\n<span style=\"color: #89DDFF\">&lt;/</span><span style=\"color: #F07178\">audio</span><span style=\"color: #89DDFF\">&gt;</span></code></pre>\n<p>Don’t forget to add controls otherwise, nothing will be displayed.</p>\n<h3 id=\"multiple-audio-source\"><a href=\"#multiple-audio-source\" aria-hidden=\"true\"><span class=\"icon icon-link\"></span></a>Multiple Audio Source</h3>\n<p>If you’re having multiple source files for the same audio track, then you need to use <code>source</code> tag to include multiple audio tracks. If you have <code>mp3</code> , <code>ogg</code> , <code>wav</code> .</p>\n<pre class=\"shiki\" style=\"background-color: #292D3E\"><code><span style=\"color: #89DDFF\">&lt;</span><span style=\"color: #F07178\">audio</span><span style=\"color: #89DDFF\"> </span><span style=\"color: #FFCB6B\">controls</span><span style=\"color: #89DDFF\">&gt;</span>\n\n<span style=\"color: #FFFFFF\">  </span><span style=\"color: #89DDFF\">&lt;</span><span style=\"color: #F07178\">source</span><span style=\"color: #89DDFF\"> </span><span style=\"color: #FFCB6B\">src</span><span style=\"color: #89DDFF\">=</span><span style=\"color: #89DDFF\">\"</span><span style=\"color: #C3E88D\">meow.ogg</span><span style=\"color: #89DDFF\">\"</span><span style=\"color: #89DDFF\"> </span><span style=\"color: #FFCB6B\">type</span><span style=\"color: #89DDFF\">=</span><span style=\"color: #89DDFF\">\"</span><span style=\"color: #C3E88D\">audio/ogg</span><span style=\"color: #89DDFF\">\"</span><span style=\"color: #89DDFF\"> /&gt;</span>\n<span style=\"color: #FFFFFF\">  </span><span style=\"color: #89DDFF\">&lt;</span><span style=\"color: #F07178\">source</span><span style=\"color: #89DDFF\"> </span><span style=\"color: #FFCB6B\">src</span><span style=\"color: #89DDFF\">=</span><span style=\"color: #89DDFF\">\"</span><span style=\"color: #C3E88D\">meow.mp3</span><span style=\"color: #89DDFF\">\"</span><span style=\"color: #89DDFF\"> </span><span style=\"color: #FFCB6B\">type</span><span style=\"color: #89DDFF\">=</span><span style=\"color: #89DDFF\">\"</span><span style=\"color: #C3E88D\">audio/mpeg</span><span style=\"color: #89DDFF\">\"</span><span style=\"color: #89DDFF\"> /&gt;</span>\n<span style=\"color: #FFFFFF\">  </span><span style=\"color: #89DDFF\">&lt;</span><span style=\"color: #F07178\">source</span><span style=\"color: #89DDFF\"> </span><span style=\"color: #FFCB6B\">src</span><span style=\"color: #89DDFF\">=</span><span style=\"color: #89DDFF\">\"</span><span style=\"color: #C3E88D\">meow.wav</span><span style=\"color: #89DDFF\">\"</span><span style=\"color: #89DDFF\"> </span><span style=\"color: #FFCB6B\">type</span><span style=\"color: #89DDFF\">=</span><span style=\"color: #89DDFF\">\"</span><span style=\"color: #C3E88D\">audio/wav</span><span style=\"color: #89DDFF\">\"</span><span style=\"color: #89DDFF\"> /&gt;</span>\n\n<span style=\"color: #FFFFFF\">  Your browser does not support the audio tag.</span>\n\n<span style=\"color: #89DDFF\">&lt;/</span><span style=\"color: #F07178\">audio</span><span style=\"color: #89DDFF\">&gt;</span></code></pre>\n<p>From the above code, Browser try to play the meow.ogg ,</p>\n<ul>\n<li>If the browser can play <code>meow.ogg</code> , browser doesn’t load other files.</li>\n<li>If the meow.ogg is not supported then the browser will load the audio from next source</li>\n</ul>\n<h3 id=\"autoplay\"><a href=\"#autoplay\" aria-hidden=\"true\"><span class=\"icon icon-link\"></span></a>autoplay</h3>\n<p>You can set <code>autoplay</code> attribute to play audio automatically once the audio is loaded.</p>\n<pre class=\"shiki\" style=\"background-color: #292D3E\"><code><span style=\"color: #89DDFF\">&lt;</span><span style=\"color: #F07178\">audio</span><span style=\"color: #89DDFF\"> </span><span style=\"color: #FFCB6B\">autoplay</span><span style=\"color: #89DDFF\">&gt;&lt;/</span><span style=\"color: #F07178\">audio</span><span style=\"color: #89DDFF\">&gt;</span>\n\n<span style=\"color: #676E95\">&lt;!-- Second Way --&gt;</span>\n<span style=\"color: #89DDFF\">&lt;</span><span style=\"color: #F07178\">audio</span><span style=\"color: #89DDFF\"> </span><span style=\"color: #FFCB6B\">autoplay</span><span style=\"color: #89DDFF\">=</span><span style=\"color: #89DDFF\">\"</span><span style=\"color: #C3E88D\">true</span><span style=\"color: #89DDFF\">\"</span><span style=\"color: #89DDFF\">&gt;&lt;/</span><span style=\"color: #F07178\">audio</span><span style=\"color: #89DDFF\">&gt;</span></code></pre>\n<blockquote>\n<p><em>Note: mobile browsers don’t allow autoplay</em></p>\n</blockquote>\n<p>If you don’t set <code>autoplay</code> , then browser don’t download the complete audio, only audio metadata (like duration, name ) will be downloaded, but will not download the audio itself. You can also force download the audio by setting <code>preload</code> the attribute as <code>auto</code></p>\n<pre class=\"shiki\" style=\"background-color: #292D3E\"><code><span style=\"color: #89DDFF\">&lt;</span><span style=\"color: #F07178\">audio</span><span style=\"color: #89DDFF\"> </span><span style=\"color: #FFCB6B\">preload</span><span style=\"color: #89DDFF\">=</span><span style=\"color: #89DDFF\">\"</span><span style=\"color: #C3E88D\">auto</span><span style=\"color: #89DDFF\">\"</span><span style=\"color: #89DDFF\">&gt;&lt;/</span><span style=\"color: #F07178\">audio</span><span style=\"color: #89DDFF\">&gt;</span></code></pre>\n<p>Different preload values</p>\n<ul>\n<li><code>none</code> → that the audio should not be preloaded.</li>\n<li><code>metadata</code> → only audio metadata (e.g. length) is fetched.</li>\n<li><code>auto</code> → the whole audio file can be downloaded, even if the user is not expected to use it.</li>\n<li><em>empty string → Alias for auto .</em></li>\n</ul>\n<h3 id=\"muted\"><a href=\"#muted\" aria-hidden=\"true\"><span class=\"icon icon-link\"></span></a>muted</h3>\n<p>If you set <code>muted</code> attribute then the audio sound will be muted.</p>\n<pre class=\"shiki\" style=\"background-color: #292D3E\"><code><span style=\"color: #89DDFF\">&lt;</span><span style=\"color: #F07178\">audio</span><span style=\"color: #89DDFF\"> </span><span style=\"color: #FFCB6B\">muted</span><span style=\"color: #89DDFF\">&gt;&lt;/</span><span style=\"color: #F07178\">audio</span><span style=\"color: #89DDFF\">&gt;</span>\n\n<span style=\"color: #676E95\">&lt;!-- Second Way --&gt;</span>\n<span style=\"color: #89DDFF\">&lt;</span><span style=\"color: #F07178\">audio</span><span style=\"color: #89DDFF\"> </span><span style=\"color: #FFCB6B\">muted</span><span style=\"color: #89DDFF\">=</span><span style=\"color: #89DDFF\">\"</span><span style=\"color: #C3E88D\">true</span><span style=\"color: #89DDFF\">\"</span><span style=\"color: #89DDFF\">&gt;&lt;/</span><span style=\"color: #F07178\">audio</span><span style=\"color: #89DDFF\">&gt;</span></code></pre>\n<h3 id=\"loop\"><a href=\"#loop\" aria-hidden=\"true\"><span class=\"icon icon-link\"></span></a>loop</h3>\n<p>You can enable the audio to play in a loop( the audio will play continuously from the beginning after it is played completely.), by setting the <code>loop</code> attribute.</p>\n<pre class=\"shiki\" style=\"background-color: #292D3E\"><code><span style=\"color: #89DDFF\">&lt;</span><span style=\"color: #F07178\">audio</span><span style=\"color: #89DDFF\"> </span><span style=\"color: #FFCB6B\">loop</span><span style=\"color: #89DDFF\">&gt;&lt;/</span><span style=\"color: #F07178\">audio</span><span style=\"color: #89DDFF\">&gt;</span>\n\n<span style=\"color: #676E95\">&lt;!-- Second Way --&gt;</span>\n<span style=\"color: #89DDFF\">&lt;</span><span style=\"color: #F07178\">audio</span><span style=\"color: #89DDFF\"> </span><span style=\"color: #FFCB6B\">loop</span><span style=\"color: #89DDFF\">=</span><span style=\"color: #89DDFF\">\"</span><span style=\"color: #C3E88D\">true</span><span style=\"color: #89DDFF\">\"</span><span style=\"color: #89DDFF\">&gt;&lt;/</span><span style=\"color: #F07178\">audio</span><span style=\"color: #89DDFF\">&gt;</span></code></pre>\n<blockquote>\n<p>Audio is subject to <strong>CORS</strong> and unless you allow it on the server , an audio file can’t be played cross-origin.</p>\n</blockquote>\n<h3 id=\"using-audio-in-javascript\"><a href=\"#using-audio-in-javascript\" aria-hidden=\"true\"><span class=\"icon icon-link\"></span></a>Using audio in JavaScript</h3>\n<p>Getting the audio element first</p>\n<pre class=\"shiki\" style=\"background-color: #292D3E\"><code><span style=\"color: #C792EA\">let</span><span style=\"color: #FFFFFF\"> </span><span style=\"color: #A6ACCD\">audio</span><span style=\"color: #FFFFFF\"> </span><span style=\"color: #C792EA\">=</span><span style=\"color: #FFFFFF\"> document</span><span style=\"color: #89DDFF\">.</span><span style=\"color: #82AAFF\">getElementById</span><span style=\"color: #FFFFFF\">(</span><span style=\"color: #89DDFF\">'</span><span style=\"color: #C3E88D\">audio</span><span style=\"color: #89DDFF\">'</span><span style=\"color: #FFFFFF\">)</span><span style=\"color: #89DDFF\">;</span></code></pre>\n<h3 id=\"check-audio-state\"><a href=\"#check-audio-state\" aria-hidden=\"true\"><span class=\"icon icon-link\"></span></a>Check audio State</h3>\n<p>Check if the audio is paused by using <code>paused</code> attribute. If the audio is playing then the paused is false , otherwise true</p>\n<pre class=\"shiki\" style=\"background-color: #292D3E\"><code><span style=\"color: #C792EA\">let</span><span style=\"color: #FFFFFF\"> </span><span style=\"color: #A6ACCD\">isPaused</span><span style=\"color: #FFFFFF\"> </span><span style=\"color: #C792EA\">=</span><span style=\"color: #FFFFFF\"> </span><span style=\"color: #A6ACCD\">audio</span><span style=\"color: #89DDFF\">.</span><span style=\"color: #A6ACCD\">paused</span><span style=\"color: #89DDFF\">;</span>\n\n<span style=\"color: #C792EA\">let</span><span style=\"color: #FFFFFF\"> </span><span style=\"color: #A6ACCD\">isPlaying</span><span style=\"color: #FFFFFF\"> </span><span style=\"color: #C792EA\">=</span><span style=\"color: #FFFFFF\"> </span><span style=\"color: #C792EA\">!</span><span style=\"color: #A6ACCD\">isPaused</span><span style=\"color: #89DDFF\">;</span></code></pre>\n<h3 id=\"controlling-audio\"><a href=\"#controlling-audio\" aria-hidden=\"true\"><span class=\"icon icon-link\"></span></a>Controlling audio</h3>\n<p>To Pause the audio, you can use <code>pause</code> method</p>\n<pre class=\"shiki\" style=\"background-color: #292D3E\"><code><span style=\"color: #A6ACCD\">audio</span><span style=\"color: #89DDFF\">.</span><span style=\"color: #82AAFF\">pause</span><span style=\"color: #FFFFFF\">()</span><span style=\"color: #89DDFF\">;</span></code></pre>\n<p>To play the paused audio, you can use <code>play</code> method</p>\n<pre class=\"shiki\" style=\"background-color: #292D3E\"><code><span style=\"color: #A6ACCD\">audio</span><span style=\"color: #89DDFF\">.</span><span style=\"color: #82AAFF\">play</span><span style=\"color: #FFFFFF\">()</span><span style=\"color: #89DDFF\">;</span></code></pre>\n<h3 id=\"browser-volume\"><a href=\"#browser-volume\" aria-hidden=\"true\"><span class=\"icon icon-link\"></span></a>Browser volume</h3>\n<p>You can change the browser volume using</p>\n<pre class=\"shiki\" style=\"background-color: #292D3E\"><code><span style=\"color: #A6ACCD\">audio</span><span style=\"color: #89DDFF\">.</span><span style=\"color: #A6ACCD\">volume</span><span style=\"color: #FFFFFF\"> </span><span style=\"color: #C792EA\">=</span><span style=\"color: #FFFFFF\"> </span><span style=\"color: #F78C6C\">1</span><span style=\"color: #89DDFF\">;</span><span style=\"color: #FFFFFF\"> </span><span style=\"color: #676E95\">// 100 %</span>\n\n<span style=\"color: #A6ACCD\">audio</span><span style=\"color: #89DDFF\">.</span><span style=\"color: #A6ACCD\">volume</span><span style=\"color: #FFFFFF\"> </span><span style=\"color: #C792EA\">=</span><span style=\"color: #FFFFFF\"> </span><span style=\"color: #F78C6C\">0.5</span><span style=\"color: #89DDFF\">;</span><span style=\"color: #FFFFFF\"> </span><span style=\"color: #676E95\">// 50%</span></code></pre>\n<h3 id=\"current-time\"><a href=\"#current-time\" aria-hidden=\"true\"><span class=\"icon icon-link\"></span></a>Current Time</h3>\n<p>You can get the current playback time of audio using <code>currentTime</code> attribute. The <code>currentTime</code> returns a double-precision floating-point value indicating the current playback position, in seconds, of the audio</p>\n<pre class=\"shiki\" style=\"background-color: #292D3E\"><code><span style=\"color: #A6ACCD\">audio</span><span style=\"color: #89DDFF\">.</span><span style=\"color: #A6ACCD\">currentTime</span><span style=\"color: #89DDFF\">;</span></code></pre>\n<h3 id=\"rewind\"><a href=\"#rewind\" aria-hidden=\"true\"><span class=\"icon icon-link\"></span></a>Rewind</h3>\n<p>To rewind the track you can use</p>\n<pre class=\"shiki\" style=\"background-color: #292D3E\"><code><span style=\"color: #A6ACCD\">myAudio</span><span style=\"color: #89DDFF\">.</span><span style=\"color: #A6ACCD\">currentTime</span><span style=\"color: #FFFFFF\"> </span><span style=\"color: #C792EA\">=</span><span style=\"color: #FFFFFF\"> </span><span style=\"color: #F78C6C\">0</span><span style=\"color: #89DDFF\">;</span>\n<span style=\"color: #A6ACCD\">myAudio</span><span style=\"color: #89DDFF\">.</span><span style=\"color: #82AAFF\">play</span><span style=\"color: #FFFFFF\">()</span><span style=\"color: #89DDFF\">;</span></code></pre>\n<h3 id=\"fast-forward\"><a href=\"#fast-forward\" aria-hidden=\"true\"><span class=\"icon icon-link\"></span></a>Fast Forward</h3>\n<p>To fast forward 30 sec</p>\n<pre class=\"shiki\" style=\"background-color: #292D3E\"><code><span style=\"color: #A6ACCD\">myAudio</span><span style=\"color: #89DDFF\">.</span><span style=\"color: #A6ACCD\">currentTime</span><span style=\"color: #FFFFFF\"> </span><span style=\"color: #C792EA\">=</span><span style=\"color: #FFFFFF\"> </span><span style=\"color: #F78C6C\">30</span><span style=\"color: #89DDFF\">;</span>\n<span style=\"color: #A6ACCD\">myAudio</span><span style=\"color: #89DDFF\">.</span><span style=\"color: #82AAFF\">play</span><span style=\"color: #FFFFFF\">()</span><span style=\"color: #89DDFF\">;</span></code></pre>\n<h3 id=\"duration\"><a href=\"#duration\" aria-hidden=\"true\"><span class=\"icon icon-link\"></span></a>Duration</h3>\n<p>To get the duration of the audio, you can use <code>duration</code> attribute</p>\n<pre class=\"shiki\" style=\"background-color: #292D3E\"><code><span style=\"color: #A6ACCD\">audio</span><span style=\"color: #89DDFF\">.</span><span style=\"color: #A6ACCD\">duration</span></code></pre>\n<p>When getting duration,</p>\n<ul>\n<li>If no media is present on the element, or the media is not valid, the returned value is <code>NaN</code>.</li>\n<li>If the media has no known end (such as for live streams of unknown duration, web radio, media incoming from WebRTC, and so forth), this value is +Infinity.</li>\n</ul>\n<h3 id=\"important-audio-events\"><a href=\"#important-audio-events\" aria-hidden=\"true\"><span class=\"icon icon-link\"></span></a>Important Audio Events</h3>\n<p><code>play</code> → Triggered once the audio started playing</p>\n<pre class=\"shiki\" style=\"background-color: #292D3E\"><code><span style=\"color: #A6ACCD\">audio</span><span style=\"color: #89DDFF\">.</span><span style=\"color: #82AAFF\">addEventListener</span><span style=\"color: #FFFFFF\">(</span><span style=\"color: #89DDFF\">'</span><span style=\"color: #C3E88D\">play</span><span style=\"color: #89DDFF\">'</span><span style=\"color: #89DDFF\">,</span><span style=\"color: #FFFFFF\"> </span><span style=\"color: #C792EA\">function</span><span style=\"color: #89DDFF\">(</span><span style=\"color: #FF5370\">ev</span><span style=\"color: #89DDFF\">){</span>\n\n<span style=\"color: #FFFFFF\">    </span><span style=\"color: #FFCB6B\">console</span><span style=\"color: #89DDFF\">.</span><span style=\"color: #82AAFF\">log</span><span style=\"color: #FFFFFF\">(</span><span style=\"color: #89DDFF\">\"</span><span style=\"color: #C3E88D\">audio started playing</span><span style=\"color: #89DDFF\">\"</span><span style=\"color: #FFFFFF\">)</span><span style=\"color: #89DDFF\">;</span>\n\n<span style=\"color: #89DDFF\">}</span><span style=\"color: #FFFFFF\">)</span><span style=\"color: #89DDFF\">;</span></code></pre>\n<p><code>pause</code> → Triggered once the audio was paused</p>\n<pre class=\"shiki\" style=\"background-color: #292D3E\"><code><span style=\"color: #A6ACCD\">audio</span><span style=\"color: #89DDFF\">.</span><span style=\"color: #82AAFF\">addEventListener</span><span style=\"color: #FFFFFF\">(</span><span style=\"color: #89DDFF\">'</span><span style=\"color: #C3E88D\">pause</span><span style=\"color: #89DDFF\">'</span><span style=\"color: #89DDFF\">,</span><span style=\"color: #FFFFFF\"> </span><span style=\"color: #C792EA\">function</span><span style=\"color: #89DDFF\">(</span><span style=\"color: #FF5370\">ev</span><span style=\"color: #89DDFF\">){</span>\n\n<span style=\"color: #FFFFFF\">    </span><span style=\"color: #FFCB6B\">console</span><span style=\"color: #89DDFF\">.</span><span style=\"color: #82AAFF\">log</span><span style=\"color: #FFFFFF\">(</span><span style=\"color: #89DDFF\">\"</span><span style=\"color: #C3E88D\">audio paused. Do you want to change track</span><span style=\"color: #89DDFF\">\"</span><span style=\"color: #FFFFFF\">)</span><span style=\"color: #89DDFF\">;</span>\n\n<span style=\"color: #89DDFF\">}</span><span style=\"color: #FFFFFF\">)</span><span style=\"color: #89DDFF\">;</span></code></pre>\n<p><code>ended</code> →Triggered once the audio playing completed</p>\n<pre class=\"shiki\" style=\"background-color: #292D3E\"><code><span style=\"color: #A6ACCD\">audio</span><span style=\"color: #89DDFF\">.</span><span style=\"color: #82AAFF\">addEventListener</span><span style=\"color: #FFFFFF\">(</span><span style=\"color: #89DDFF\">'</span><span style=\"color: #C3E88D\">ended</span><span style=\"color: #89DDFF\">'</span><span style=\"color: #89DDFF\">,</span><span style=\"color: #FFFFFF\"> </span><span style=\"color: #C792EA\">function</span><span style=\"color: #89DDFF\">(</span><span style=\"color: #FF5370\">ev</span><span style=\"color: #89DDFF\">){</span>\n\n<span style=\"color: #FFFFFF\">    </span><span style=\"color: #FFCB6B\">console</span><span style=\"color: #89DDFF\">.</span><span style=\"color: #82AAFF\">log</span><span style=\"color: #FFFFFF\">(</span><span style=\"color: #89DDFF\">\"</span><span style=\"color: #C3E88D\">audio Ended</span><span style=\"color: #89DDFF\">\"</span><span style=\"color: #FFFFFF\">)</span><span style=\"color: #89DDFF\">;</span>\n<span style=\"color: #89DDFF\">    </span><span style=\"color: #676E95\">// ask user about re-playing the same song & other operations</span>\n\n<span style=\"color: #89DDFF\">}</span><span style=\"color: #FFFFFF\">)</span><span style=\"color: #89DDFF\">;</span></code></pre>\n<p><code>timeupdate</code> → the user interacted with the playback timeline and went forward/backward</p>\n<pre class=\"shiki\" style=\"background-color: #292D3E\"><code><span style=\"color: #A6ACCD\">audio</span><span style=\"color: #89DDFF\">.</span><span style=\"color: #82AAFF\">addEventListener</span><span style=\"color: #FFFFFF\">(</span><span style=\"color: #89DDFF\">'</span><span style=\"color: #C3E88D\">timeupdate</span><span style=\"color: #89DDFF\">'</span><span style=\"color: #89DDFF\">,</span><span style=\"color: #FFFFFF\"> </span><span style=\"color: #C792EA\">function</span><span style=\"color: #89DDFF\">(</span><span style=\"color: #FF5370\">ev</span><span style=\"color: #89DDFF\">){</span>\n\n<span style=\"color: #FFFFFF\">    </span><span style=\"color: #FFCB6B\">console</span><span style=\"color: #89DDFF\">.</span><span style=\"color: #82AAFF\">log</span><span style=\"color: #FFFFFF\">(</span><span style=\"color: #89DDFF\">\"</span><span style=\"color: #C3E88D\">Current time</span><span style=\"color: #89DDFF\">\"</span><span style=\"color: #89DDFF\">,</span><span style=\"color: #FFFFFF\"> </span><span style=\"color: #C792EA\">**</span><span style=\"color: #FF5370\">this</span><span style=\"color: #89DDFF\">.</span><span style=\"color: #A6ACCD\">currentTime</span><span style=\"color: #C792EA\">**</span><span style=\"color: #FFFFFF\">)</span><span style=\"color: #89DDFF\">;</span>\n\n<span style=\"color: #89DDFF\">}</span><span style=\"color: #FFFFFF\">)</span><span style=\"color: #89DDFF\">;</span></code></pre>\n<p><code>volumechange</code> → the user changed the volume</p>\n<pre class=\"shiki\" style=\"background-color: #292D3E\"><code><span style=\"color: #A6ACCD\">audio</span><span style=\"color: #89DDFF\">.</span><span style=\"color: #82AAFF\">addEventListener</span><span style=\"color: #FFFFFF\">(</span><span style=\"color: #89DDFF\">'</span><span style=\"color: #C3E88D\">volumechange</span><span style=\"color: #89DDFF\">'</span><span style=\"color: #89DDFF\">,</span><span style=\"color: #FFFFFF\"> </span><span style=\"color: #C792EA\">function</span><span style=\"color: #89DDFF\">(</span><span style=\"color: #FF5370\">ev</span><span style=\"color: #89DDFF\">){</span>\n\n<span style=\"color: #FFFFFF\">    </span><span style=\"color: #C792EA\">let</span><span style=\"color: #FFFFFF\"> </span><span style=\"color: #A6ACCD\">currentVolume</span><span style=\"color: #FFFFFF\"> </span><span style=\"color: #C792EA\">=</span><span style=\"color: #FFFFFF\"> </span><span style=\"color: #FF5370\">this</span><span style=\"color: #89DDFF\">.</span><span style=\"color: #A6ACCD\">volume</span><span style=\"color: #89DDFF\">;</span>\n\n<span style=\"color: #FFFFFF\">    </span><span style=\"color: #89DDFF\">if</span><span style=\"color: #FFFFFF\">(</span><span style=\"color: #A6ACCD\">currentVolume</span><span style=\"color: #FFFFFF\"> </span><span style=\"color: #C792EA\">&gt;</span><span style=\"color: #FFFFFF\"> </span><span style=\"color: #F78C6C\">.75</span><span style=\"color: #FFFFFF\">) </span><span style=\"color: #89DDFF\">{</span>\n<span style=\"color: #FFFFFF\">        </span><span style=\"color: #82AAFF\">alert</span><span style=\"color: #FFFFFF\">(</span><span style=\"color: #89DDFF\">\"</span><span style=\"color: #C3E88D\">Over Sound may damage your ears</span><span style=\"color: #89DDFF\">\"</span><span style=\"color: #FFFFFF\">)</span><span style=\"color: #89DDFF\">;</span>\n<span style=\"color: #FFFFFF\">    </span><span style=\"color: #89DDFF\">}</span>\n\n<span style=\"color: #89DDFF\">}</span><span style=\"color: #FFFFFF\">)</span><span style=\"color: #89DDFF\">;</span></code></pre>\n<p><code>waiting</code> → Playback has stopped because of a temporary lack of data.</p>\n<pre class=\"shiki\" style=\"background-color: #292D3E\"><code><span style=\"color: #A6ACCD\">audio</span><span style=\"color: #89DDFF\">.</span><span style=\"color: #82AAFF\">addEventListener</span><span style=\"color: #FFFFFF\">(</span><span style=\"color: #89DDFF\">'</span><span style=\"color: #C3E88D\">waiting</span><span style=\"color: #89DDFF\">'</span><span style=\"color: #89DDFF\">,</span><span style=\"color: #FFFFFF\"> </span><span style=\"color: #C792EA\">function</span><span style=\"color: #89DDFF\">(</span><span style=\"color: #FF5370\">ev</span><span style=\"color: #89DDFF\">)</span><span style=\"color: #FFFFFF\"> =&gt; </span><span style=\"color: #89DDFF\">{</span>\n<span style=\"color: #FFFFFF\">  </span><span style=\"color: #FFCB6B\">console</span><span style=\"color: #89DDFF\">.</span><span style=\"color: #82AAFF\">log</span><span style=\"color: #FFFFFF\">(</span><span style=\"color: #89DDFF\">'</span><span style=\"color: #C3E88D\">Audio is waiting for more data.</span><span style=\"color: #89DDFF\">'</span><span style=\"color: #FFFFFF\">)</span><span style=\"color: #89DDFF\">;</span>\n<span style=\"color: #89DDFF\">}</span><span style=\"color: #FFFFFF\">)</span><span style=\"color: #89DDFF\">;</span></code></pre>\n<p>Read more events <a href=\"https://developer.mozilla.org/en-US/docs/Web/HTML/Element/audio#Events\" target=\"_blank\" rel=\"nofollow noopener noreferrer\">here</a>.</p>\n<p>Thanks for reading.</p>\n<p>Please donate <a href=\"https://www.paypal.me/jagathishSaravanan?locale.x=en_GB\" target=\"_blank\" rel=\"nofollow noopener noreferrer\">here</a>, for making more tutorials.</p>\n","tags":[{"title":"Js","path":"/tag/Js/"},{"title":"audio","path":"/tag/audio/"},{"title":"jstips","path":"/tag/jstips/"},{"title":"HTML5","path":"/tag/HTML5/"}]}},"context":{}}