{"hash":"c0bfea78716c83d169fe3463f6e3fd489ed075b7","data":{"post":{"title":"Function arguments","date":"May 28, 2020","content":"<p><img src=\"https://cdn-images-1.medium.com/max/2048/1*Z9IhXv0dyGqmzOr2_9qTvQ.png\" alt=\"Arguments in JavaScript\"><em>Arguments in JavaScript</em></p>\n<p><code>arguments</code> is an object accessible inside functions that contains the values of the arguments passed to that function.</p>\n<pre class=\"shiki\" style=\"background-color: #292D3E\"><code><span style=\"color: #C792EA\">function</span><span style=\"color: #FFFFFF\"> </span><span style=\"color: #82AAFF\">test</span><span style=\"color: #89DDFF\">(</span><span style=\"color: #FF5370\">a</span><span style=\"color: #89DDFF\">,</span><span style=\"color: #FFFFFF\"> </span><span style=\"color: #FF5370\">b</span><span style=\"color: #89DDFF\">,</span><span style=\"color: #FFFFFF\"> </span><span style=\"color: #FF5370\">c</span><span style=\"color: #89DDFF\">)</span><span style=\"color: #FFFFFF\"> </span><span style=\"color: #89DDFF\">{</span>\n\n<span style=\"color: #FFFFFF\">  </span><span style=\"color: #FFCB6B\">console</span><span style=\"color: #89DDFF\">.</span><span style=\"color: #82AAFF\">log</span><span style=\"color: #FFFFFF\">(</span><span style=\"color: #FF5370\">arguments</span><span style=\"color: #FFFFFF\">[</span><span style=\"color: #F78C6C\">0</span><span style=\"color: #FFFFFF\">]</span><span style=\"color: #89DDFF\">,</span><span style=\"color: #FFFFFF\"> </span><span style=\"color: #FF5370\">arguments</span><span style=\"color: #FFFFFF\">[</span><span style=\"color: #F78C6C\">1</span><span style=\"color: #FFFFFF\">]</span><span style=\"color: #89DDFF\">,</span><span style=\"color: #FFFFFF\"> </span><span style=\"color: #FF5370\">arguments</span><span style=\"color: #FFFFFF\">[</span><span style=\"color: #F78C6C\">2</span><span style=\"color: #FFFFFF\">])</span><span style=\"color: #89DDFF\">;</span>\n\n<span style=\"color: #89DDFF\">}</span>\n\n<span style=\"color: #82AAFF\">test</span><span style=\"color: #FFFFFF\">(</span><span style=\"color: #F78C6C\">1</span><span style=\"color: #89DDFF\">,</span><span style=\"color: #F78C6C\">2</span><span style=\"color: #89DDFF\">,</span><span style=\"color: #F78C6C\">3</span><span style=\"color: #FFFFFF\">)</span><span style=\"color: #89DDFF\">;</span><span style=\"color: #FFFFFF\">  </span><span style=\"color: #676E95\">//1, 2, 3</span></code></pre>\n<p>The <code>arguments</code> object is only available inside non-arrow functions . Also the arguments object is not an array , but we can access using index , also it has length property, which contains the number of arguments passed to the function.</p>\n<pre class=\"shiki\" style=\"background-color: #292D3E\"><code><span style=\"color: #C792EA\">function</span><span style=\"color: #FFFFFF\"> </span><span style=\"color: #82AAFF\">test</span><span style=\"color: #89DDFF\">(</span><span style=\"color: #FF5370\">a</span><span style=\"color: #89DDFF\">,</span><span style=\"color: #FFFFFF\"> </span><span style=\"color: #FF5370\">b</span><span style=\"color: #89DDFF\">,</span><span style=\"color: #FFFFFF\"> </span><span style=\"color: #FF5370\">c</span><span style=\"color: #89DDFF\">)</span><span style=\"color: #FFFFFF\"> </span><span style=\"color: #89DDFF\">{</span>\n\n<span style=\"color: #FFFFFF\">    </span><span style=\"color: #FFCB6B\">console</span><span style=\"color: #89DDFF\">.</span><span style=\"color: #82AAFF\">log</span><span style=\"color: #FFFFFF\">(</span><span style=\"color: #FF5370\">arguments</span><span style=\"color: #89DDFF\">.</span><span style=\"color: #FFFFFF\">length)</span><span style=\"color: #89DDFF\">;</span>\n\n<span style=\"color: #89DDFF\">}</span>\n\n<span style=\"color: #82AAFF\">test</span><span style=\"color: #FFFFFF\">(</span><span style=\"color: #F78C6C\">1</span><span style=\"color: #FFFFFF\">)</span><span style=\"color: #89DDFF\">;</span><span style=\"color: #FFFFFF\"> </span><span style=\"color: #676E95\">// 1</span>\n<span style=\"color: #82AAFF\">test</span><span style=\"color: #FFFFFF\">(</span><span style=\"color: #F78C6C\">1</span><span style=\"color: #89DDFF\">,</span><span style=\"color: #FFFFFF\"> </span><span style=\"color: #F78C6C\">2</span><span style=\"color: #FFFFFF\">)</span><span style=\"color: #89DDFF\">;</span><span style=\"color: #FFFFFF\"> </span><span style=\"color: #676E95\">// 2</span></code></pre>\n<p>The arguments objects contains all the argument passed during function call, even there are as many parameter in function declaration</p>\n<pre class=\"shiki\" style=\"background-color: #292D3E\"><code><span style=\"color: #C792EA\">function</span><span style=\"color: #FFFFFF\"> </span><span style=\"color: #82AAFF\">test</span><span style=\"color: #89DDFF\">()</span><span style=\"color: #FFFFFF\"> </span><span style=\"color: #89DDFF\">{</span>\n<span style=\"color: #FFFFFF\">  </span><span style=\"color: #FFCB6B\">console</span><span style=\"color: #89DDFF\">.</span><span style=\"color: #82AAFF\">log</span><span style=\"color: #FFFFFF\">(</span><span style=\"color: #FF5370\">arguments</span><span style=\"color: #89DDFF\">.</span><span style=\"color: #FFFFFF\">length)</span><span style=\"color: #89DDFF\">;</span>\n<span style=\"color: #89DDFF\">}</span>\n\n<span style=\"color: #82AAFF\">test</span><span style=\"color: #FFFFFF\">()</span><span style=\"color: #89DDFF\">;</span><span style=\"color: #FFFFFF\">  </span><span style=\"color: #676E95\">//0</span>\n<span style=\"color: #82AAFF\">test</span><span style=\"color: #FFFFFF\">(</span><span style=\"color: #F78C6C\">1</span><span style=\"color: #FFFFFF\">)</span><span style=\"color: #89DDFF\">;</span><span style=\"color: #FFFFFF\">  </span><span style=\"color: #676E95\">//1</span>\n<span style=\"color: #82AAFF\">test</span><span style=\"color: #FFFFFF\">(</span><span style=\"color: #F78C6C\">1</span><span style=\"color: #89DDFF\">,</span><span style=\"color: #F78C6C\">2</span><span style=\"color: #89DDFF\">,</span><span style=\"color: #F78C6C\">3</span><span style=\"color: #89DDFF\">,</span><span style=\"color: #F78C6C\">5</span><span style=\"color: #FFFFFF\">)</span><span style=\"color: #89DDFF\">;</span><span style=\"color: #FFFFFF\">  </span><span style=\"color: #676E95\">//4</span></code></pre>\n<p>You can update the value of arguments</p>\n<pre class=\"shiki\" style=\"background-color: #292D3E\"><code><span style=\"color: #C792EA\">function</span><span style=\"color: #FFFFFF\"> </span><span style=\"color: #82AAFF\">test</span><span style=\"color: #89DDFF\">()</span><span style=\"color: #FFFFFF\"> </span><span style=\"color: #89DDFF\">{</span>\n<span style=\"color: #FFFFFF\">  </span><span style=\"color: #FF5370\">arguments</span><span style=\"color: #FFFFFF\">[</span><span style=\"color: #F78C6C\">0</span><span style=\"color: #FFFFFF\">] </span><span style=\"color: #C792EA\">=</span><span style=\"color: #FFFFFF\"> </span><span style=\"color: #F78C6C\">100</span><span style=\"color: #89DDFF\">;</span>\n<span style=\"color: #FFFFFF\">  </span><span style=\"color: #FFCB6B\">console</span><span style=\"color: #89DDFF\">.</span><span style=\"color: #82AAFF\">log</span><span style=\"color: #FFFFFF\">(</span><span style=\"color: #FF5370\">arguments</span><span style=\"color: #FFFFFF\">[</span><span style=\"color: #F78C6C\">0</span><span style=\"color: #FFFFFF\">])</span><span style=\"color: #89DDFF\">;</span>\n<span style=\"color: #89DDFF\">}</span>\n\n<span style=\"color: #82AAFF\">test</span><span style=\"color: #FFFFFF\">()</span><span style=\"color: #89DDFF\">;</span><span style=\"color: #FFFFFF\"> </span><span style=\"color: #676E95\">//100</span>\n<span style=\"color: #82AAFF\">test</span><span style=\"color: #FFFFFF\">(</span><span style=\"color: #F78C6C\">1</span><span style=\"color: #FFFFFF\">)</span><span style=\"color: #89DDFF\">;</span><span style=\"color: #FFFFFF\"> </span><span style=\"color: #676E95\">//100</span></code></pre>\n<p>When you updating arguments, it also update parameter value and vice versa.</p>\n<pre class=\"shiki\" style=\"background-color: #292D3E\"><code><span style=\"color: #C792EA\">function</span><span style=\"color: #FFFFFF\"> </span><span style=\"color: #82AAFF\">test</span><span style=\"color: #89DDFF\">(</span><span style=\"color: #FF5370\">a</span><span style=\"color: #89DDFF\">,</span><span style=\"color: #FFFFFF\"> </span><span style=\"color: #FF5370\">b</span><span style=\"color: #89DDFF\">)</span><span style=\"color: #FFFFFF\"> </span><span style=\"color: #89DDFF\">{</span>\n<span style=\"color: #FFFFFF\">  </span><span style=\"color: #FF5370\">arguments</span><span style=\"color: #FFFFFF\">[</span><span style=\"color: #F78C6C\">0</span><span style=\"color: #FFFFFF\">] </span><span style=\"color: #C792EA\">=</span><span style=\"color: #FFFFFF\"> </span><span style=\"color: #F78C6C\">100</span><span style=\"color: #89DDFF\">;</span>\n<span style=\"color: #FFFFFF\">  </span><span style=\"color: #FFCB6B\">console</span><span style=\"color: #89DDFF\">.</span><span style=\"color: #82AAFF\">log</span><span style=\"color: #FFFFFF\">(</span><span style=\"color: #89DDFF\">\"</span><span style=\"color: #C3E88D\">a=&gt;</span><span style=\"color: #89DDFF\">\"</span><span style=\"color: #89DDFF\">,</span><span style=\"color: #FFFFFF\"> </span><span style=\"color: #A6ACCD\">a</span><span style=\"color: #89DDFF\">,</span><span style=\"color: #FFFFFF\"> </span><span style=\"color: #89DDFF\">\"</span><span style=\"color: #C3E88D\">arg[0]=&gt;</span><span style=\"color: #89DDFF\">\"</span><span style=\"color: #89DDFF\">,</span><span style=\"color: #FFFFFF\"> </span><span style=\"color: #FF5370\">arguments</span><span style=\"color: #FFFFFF\">[</span><span style=\"color: #F78C6C\">0</span><span style=\"color: #FFFFFF\">])</span><span style=\"color: #89DDFF\">;</span>\n\n<span style=\"color: #FFFFFF\">  </span><span style=\"color: #A6ACCD\">b</span><span style=\"color: #FFFFFF\"> </span><span style=\"color: #C792EA\">=</span><span style=\"color: #FFFFFF\"> </span><span style=\"color: #F78C6C\">0</span><span style=\"color: #89DDFF\">;</span>\n<span style=\"color: #FFFFFF\">  </span><span style=\"color: #FFCB6B\">console</span><span style=\"color: #89DDFF\">.</span><span style=\"color: #82AAFF\">log</span><span style=\"color: #FFFFFF\">(</span><span style=\"color: #89DDFF\">\"</span><span style=\"color: #C3E88D\">b=&gt;</span><span style=\"color: #89DDFF\">\"</span><span style=\"color: #89DDFF\">,</span><span style=\"color: #FFFFFF\"> </span><span style=\"color: #A6ACCD\">b</span><span style=\"color: #89DDFF\">,</span><span style=\"color: #FFFFFF\"> </span><span style=\"color: #89DDFF\">\"</span><span style=\"color: #C3E88D\">arg[1]=&gt;</span><span style=\"color: #89DDFF\">\"</span><span style=\"color: #89DDFF\">,</span><span style=\"color: #FFFFFF\"> </span><span style=\"color: #FF5370\">arguments</span><span style=\"color: #FFFFFF\">[</span><span style=\"color: #F78C6C\">1</span><span style=\"color: #FFFFFF\">])</span><span style=\"color: #89DDFF\">;</span>\n\n<span style=\"color: #89DDFF\">}</span>\n\n<span style=\"color: #82AAFF\">test</span><span style=\"color: #FFFFFF\">(</span><span style=\"color: #F78C6C\">1</span><span style=\"color: #89DDFF\">,</span><span style=\"color: #F78C6C\">2</span><span style=\"color: #FFFFFF\">)</span><span style=\"color: #89DDFF\">;</span>\n<span style=\"color: #89DDFF\"> </span><span style=\"color: #676E95\">// a=&gt; 100 arg[0]=&gt; 100</span>\n<span style=\"color: #89DDFF\"> </span><span style=\"color: #676E95\">// b=&gt; 0 arg[1]=&gt; 0</span></code></pre>\n<p>But the above is not valid when you use default arguments. The rest, default, or destructured parameters <strong>will not</strong> sync new values assigned to argument variables in the function body with the arguments object.</p>\n<pre class=\"shiki\" style=\"background-color: #292D3E\"><code><span style=\"color: #C792EA\">function</span><span style=\"color: #FFFFFF\"> </span><span style=\"color: #82AAFF\">test</span><span style=\"color: #89DDFF\">(</span><span style=\"color: #FF5370\">a</span><span style=\"color: #FFFFFF\"> </span><span style=\"color: #C792EA\">=</span><span style=\"color: #F78C6C\">10</span><span style=\"color: #89DDFF\">,</span><span style=\"color: #FFFFFF\"> </span><span style=\"color: #FF5370\">b</span><span style=\"color: #FFFFFF\"> </span><span style=\"color: #C792EA\">=</span><span style=\"color: #FFFFFF\"> </span><span style=\"color: #F78C6C\">10</span><span style=\"color: #89DDFF\">)</span><span style=\"color: #FFFFFF\"> </span><span style=\"color: #89DDFF\">{</span>\n<span style=\"color: #FFFFFF\">  </span><span style=\"color: #FF5370\">arguments</span><span style=\"color: #FFFFFF\">[</span><span style=\"color: #F78C6C\">0</span><span style=\"color: #FFFFFF\">] </span><span style=\"color: #C792EA\">=</span><span style=\"color: #FFFFFF\"> </span><span style=\"color: #F78C6C\">100</span><span style=\"color: #89DDFF\">;</span>\n<span style=\"color: #FFFFFF\">  </span><span style=\"color: #FFCB6B\">console</span><span style=\"color: #89DDFF\">.</span><span style=\"color: #82AAFF\">log</span><span style=\"color: #FFFFFF\">(</span><span style=\"color: #89DDFF\">\"</span><span style=\"color: #C3E88D\">a=&gt;</span><span style=\"color: #89DDFF\">\"</span><span style=\"color: #89DDFF\">,</span><span style=\"color: #FFFFFF\"> </span><span style=\"color: #A6ACCD\">a</span><span style=\"color: #89DDFF\">,</span><span style=\"color: #FFFFFF\"> </span><span style=\"color: #89DDFF\">\"</span><span style=\"color: #C3E88D\">arg[0]=&gt;</span><span style=\"color: #89DDFF\">\"</span><span style=\"color: #89DDFF\">,</span><span style=\"color: #FFFFFF\"> </span><span style=\"color: #FF5370\">arguments</span><span style=\"color: #FFFFFF\">[</span><span style=\"color: #F78C6C\">0</span><span style=\"color: #FFFFFF\">])</span><span style=\"color: #89DDFF\">;</span>\n\n<span style=\"color: #FFFFFF\">  </span><span style=\"color: #A6ACCD\">b</span><span style=\"color: #FFFFFF\"> </span><span style=\"color: #C792EA\">=</span><span style=\"color: #FFFFFF\"> </span><span style=\"color: #F78C6C\">0</span><span style=\"color: #89DDFF\">;</span>\n<span style=\"color: #FFFFFF\">  </span><span style=\"color: #FFCB6B\">console</span><span style=\"color: #89DDFF\">.</span><span style=\"color: #82AAFF\">log</span><span style=\"color: #FFFFFF\">(</span><span style=\"color: #89DDFF\">\"</span><span style=\"color: #C3E88D\">b=&gt;</span><span style=\"color: #89DDFF\">\"</span><span style=\"color: #89DDFF\">,</span><span style=\"color: #FFFFFF\"> </span><span style=\"color: #A6ACCD\">b</span><span style=\"color: #89DDFF\">,</span><span style=\"color: #FFFFFF\"> </span><span style=\"color: #89DDFF\">\"</span><span style=\"color: #C3E88D\">arg[1]=&gt;</span><span style=\"color: #89DDFF\">\"</span><span style=\"color: #89DDFF\">,</span><span style=\"color: #FFFFFF\"> </span><span style=\"color: #FF5370\">arguments</span><span style=\"color: #FFFFFF\">[</span><span style=\"color: #F78C6C\">1</span><span style=\"color: #FFFFFF\">])</span><span style=\"color: #89DDFF\">;</span>\n<span style=\"color: #89DDFF\">}</span>\n\n<span style=\"color: #82AAFF\">test</span><span style=\"color: #FFFFFF\">(</span><span style=\"color: #F78C6C\">1</span><span style=\"color: #89DDFF\">,</span><span style=\"color: #FFFFFF\"> </span><span style=\"color: #F78C6C\">2</span><span style=\"color: #FFFFFF\">)</span><span style=\"color: #89DDFF\">;</span>\n<span style=\"color: #89DDFF\"> </span><span style=\"color: #676E95\">// a=&gt; 1 arg[0]=&gt; 100</span>\n<span style=\"color: #89DDFF\"> </span><span style=\"color: #676E95\">// b=&gt; 0 arg[1]=&gt; 2</span></code></pre>\n<p>Another Example</p>\n<pre class=\"shiki\" style=\"background-color: #292D3E\"><code><span style=\"color: #C792EA\">function</span><span style=\"color: #FFFFFF\"> </span><span style=\"color: #82AAFF\">test</span><span style=\"color: #89DDFF\">(</span><span style=\"color: #FF5370\">a</span><span style=\"color: #FFFFFF\"> </span><span style=\"color: #C792EA\">=</span><span style=\"color: #F78C6C\">10</span><span style=\"color: #89DDFF\">,</span><span style=\"color: #FFFFFF\"> </span><span style=\"color: #FF5370\">b</span><span style=\"color: #FFFFFF\"> </span><span style=\"color: #C792EA\">=</span><span style=\"color: #FFFFFF\"> </span><span style=\"color: #F78C6C\">10</span><span style=\"color: #89DDFF\">)</span><span style=\"color: #FFFFFF\"> </span><span style=\"color: #89DDFF\">{</span>\n\n<span style=\"color: #FFFFFF\">  </span><span style=\"color: #FFCB6B\">console</span><span style=\"color: #89DDFF\">.</span><span style=\"color: #82AAFF\">log</span><span style=\"color: #FFFFFF\">(</span><span style=\"color: #89DDFF\">\"</span><span style=\"color: #C3E88D\">a=&gt;</span><span style=\"color: #89DDFF\">\"</span><span style=\"color: #89DDFF\">,</span><span style=\"color: #FFFFFF\"> </span><span style=\"color: #A6ACCD\">a</span><span style=\"color: #89DDFF\">,</span><span style=\"color: #FFFFFF\"> </span><span style=\"color: #89DDFF\">\"</span><span style=\"color: #C3E88D\">arg[0]=&gt;</span><span style=\"color: #89DDFF\">\"</span><span style=\"color: #89DDFF\">,</span><span style=\"color: #FFFFFF\"> </span><span style=\"color: #FF5370\">arguments</span><span style=\"color: #FFFFFF\">[</span><span style=\"color: #F78C6C\">0</span><span style=\"color: #FFFFFF\">])</span><span style=\"color: #89DDFF\">;</span>\n\n<span style=\"color: #FFFFFF\">  </span><span style=\"color: #FFCB6B\">console</span><span style=\"color: #89DDFF\">.</span><span style=\"color: #82AAFF\">log</span><span style=\"color: #FFFFFF\">(</span><span style=\"color: #89DDFF\">\"</span><span style=\"color: #C3E88D\">b=&gt;</span><span style=\"color: #89DDFF\">\"</span><span style=\"color: #89DDFF\">,</span><span style=\"color: #FFFFFF\"> </span><span style=\"color: #A6ACCD\">b</span><span style=\"color: #89DDFF\">,</span><span style=\"color: #FFFFFF\"> </span><span style=\"color: #89DDFF\">\"</span><span style=\"color: #C3E88D\">arg[1]=&gt;</span><span style=\"color: #89DDFF\">\"</span><span style=\"color: #89DDFF\">,</span><span style=\"color: #FFFFFF\"> </span><span style=\"color: #FF5370\">arguments</span><span style=\"color: #FFFFFF\">[</span><span style=\"color: #F78C6C\">1</span><span style=\"color: #FFFFFF\">])</span><span style=\"color: #89DDFF\">;</span>\n\n<span style=\"color: #89DDFF\">}</span>\n\n<span style=\"color: #82AAFF\">test</span><span style=\"color: #FFFFFF\">()</span><span style=\"color: #89DDFF\">;</span>\n<span style=\"color: #676E95\">// a=&gt; 10 arg[0]=&gt; undefined</span>\n<span style=\"color: #89DDFF\"> </span><span style=\"color: #676E95\">// b=&gt; 10 arg[1]=&gt; undefined</span></code></pre>\n<h3 id=\"properties\"><a href=\"#properties\" aria-hidden=\"true\"><span class=\"icon icon-link\"></span></a>Properties</h3>\n<p><code>length</code> → contains the number of arguments passed to the function</p>\n<pre class=\"shiki\" style=\"background-color: #292D3E\"><code><span style=\"color: #C792EA\">function</span><span style=\"color: #FFFFFF\"> </span><span style=\"color: #82AAFF\">test</span><span style=\"color: #89DDFF\">()</span><span style=\"color: #FFFFFF\"> </span><span style=\"color: #89DDFF\">{</span>\n<span style=\"color: #FFFFFF\">   </span><span style=\"color: #FFCB6B\">console</span><span style=\"color: #89DDFF\">.</span><span style=\"color: #82AAFF\">log</span><span style=\"color: #FFFFFF\">(</span><span style=\"color: #FF5370\">arguments</span><span style=\"color: #89DDFF\">.</span><span style=\"color: #FFFFFF\">length)</span><span style=\"color: #89DDFF\">;</span>\n<span style=\"color: #89DDFF\">}</span>\n\n<span style=\"color: #82AAFF\">test</span><span style=\"color: #FFFFFF\">()</span><span style=\"color: #89DDFF\">;</span><span style=\"color: #FFFFFF\"> </span><span style=\"color: #676E95\">// 0</span>\n<span style=\"color: #82AAFF\">test</span><span style=\"color: #FFFFFF\">(</span><span style=\"color: #F78C6C\">1</span><span style=\"color: #89DDFF\">,</span><span style=\"color: #F78C6C\">2</span><span style=\"color: #89DDFF\">,</span><span style=\"color: #F78C6C\">3</span><span style=\"color: #FFFFFF\">)</span><span style=\"color: #89DDFF\">;</span><span style=\"color: #FFFFFF\"> </span><span style=\"color: #676E95\">//3</span></code></pre>\n<p><code>callee</code> → contains the currently executing function reference .</p>\n<pre class=\"shiki\" style=\"background-color: #292D3E\"><code><span style=\"color: #C792EA\">function</span><span style=\"color: #FFFFFF\"> </span><span style=\"color: #82AAFF\">test</span><span style=\"color: #89DDFF\">()</span><span style=\"color: #FFFFFF\"> </span><span style=\"color: #89DDFF\">{</span>\n<span style=\"color: #FFFFFF\">  </span><span style=\"color: #FFCB6B\">console</span><span style=\"color: #89DDFF\">.</span><span style=\"color: #82AAFF\">log</span><span style=\"color: #FFFFFF\">(</span><span style=\"color: #FF5370\">arguments</span><span style=\"color: #89DDFF\">.</span><span style=\"color: #FFFFFF\">callee)</span><span style=\"color: #89DDFF\">;</span>\n<span style=\"color: #89DDFF\">}</span>\n\n<span style=\"color: #82AAFF\">test</span><span style=\"color: #FFFFFF\">()</span><span style=\"color: #89DDFF\">;</span></code></pre>\n<p>Thanks for reading.</p>\n<p>Please donate <a href=\"https://www.paypal.me/jagathishSaravanan?locale.x=en_GB\" target=\"_blank\" rel=\"nofollow noopener noreferrer\">here</a>, for making more tutorials.</p>\n","tags":[{"title":"Js","path":"/tag/Js/"},{"title":"arguments","path":"/tag/arguments/"},{"title":"jstips","path":"/tag/jstips/"},{"title":"HTML5","path":"/tag/HTML5/"}]}},"context":{}}