{"hash":"c0bfea78716c83d169fe3463f6e3fd489ed075b7","data":{"tag":{"title":"HTML5","belongsTo":{"totalCount":2,"pageInfo":{"totalPages":1,"currentPage":1},"edges":[{"node":{"title":"Everything about the audio tag in HTML and JavaScript","timeToRead":4,"date":"May 28, 2020","path":"/html-audio","summary":"In this article you will learn how to play, pause, stop, rewind, fast forward, audio using JavaScript and HTML","tags":[{"title":"Js"},{"title":"audio"},{"title":"jstips"},{"title":"HTML5"}]}},{"node":{"title":"Function arguments","timeToRead":2,"date":"May 28, 2020","path":"/function-arguments","summary":"Learn about how to use arguments objects inside function in JavaScript","tags":[{"title":"Js"},{"title":"arguments"},{"title":"jstips"},{"title":"HTML5"}]}}]}}},"context":{}}