{"hash":"c0bfea78716c83d169fe3463f6e3fd489ed075b7","data":{"posts":{"totalCount":6,"pageInfo":{"totalPages":1,"currentPage":1},"edges":[{"node":{"id":"ac19ccb82876f662787d12cde6f9d32b","title":"Impress Your Friends With These Fun and Useful Mac Terminal Commands","date":"May 28, 2020","summary":"Learn how to Display the weather, shut down your computer, and more, all from your terminal.","timeToRead":3,"path":"/mac-tricks"}},{"node":{"id":"d404ef29d7afa4b1100d24bc0dfdf9b4","title":"Replace String Concatenation using Template Literals in JavaScript","date":"May 28, 2020","summary":"Template Literals allows you to embed javascript expression inside the string and call functions using Tagged template literal","timeToRead":2,"path":"/template-literal"}},{"node":{"id":"bcce20d8011f2a4163ee56c8ac252fa3","title":"Function arguments","date":"May 28, 2020","summary":"Learn about how to use arguments objects inside function in JavaScript","timeToRead":2,"path":"/function-arguments"}},{"node":{"id":"849086d55add77507702cedb1c1b0b25","title":"Everything about the audio tag in HTML and JavaScript","date":"May 28, 2020","summary":"In this article you will learn how to play, pause, stop, rewind, fast forward, audio using JavaScript and HTML","timeToRead":4,"path":"/html-audio"}},{"node":{"id":"e4ec4c577552e24f72ecaac2b2b387af","title":"Alert, prompt, confirm in JavaScript","date":"May 28, 2020","summary":"Learn the three basic user interactions in JavaScript.","timeToRead":2,"path":"/alert-js"}},{"node":{"id":"81a2d36ef7bf4e82bca648e1e4925b8c","title":"8 ways to use the Spread operator in JavaScript","date":"May 27, 2020","summary":"Spread operator expands an iterable objects into its individual element. An iterable object is anything that you can loop over with our for of loop .","timeToRead":2,"path":"/spread-operator"}}]}},"context":{}}