{"hash":"c0bfea78716c83d169fe3463f6e3fd489ed075b7","data":{"post":{"title":"Alert, prompt, confirm in JavaScript","date":"May 28, 2020","content":"<p>In this article, we will learn about the browser functions alert, prompt, and confirm.</p>\n<p><img src=\"https://cdn-images-1.medium.com/max/10944/1*po9Yb7MoXsORWxjeNUs8SA.jpeg\" alt=\"Photo by [Artem Sapegin](https://unsplash.com/@sapegin?utm_source=unsplash&#x26;utm_medium=referral&#x26;utm_content=creditCopyText) on [Unsplash](https://unsplash.com/s/photos/javascript?utm_source=unsplash&#x26;utm_medium=referral&#x26;utm_content=creditCopyText)\"><em>Photo by <a href=\"https://unsplash.com/@sapegin?utm_source=unsplash&#x26;utm_medium=referral&#x26;utm_content=creditCopyText\" target=\"_blank\" rel=\"nofollow noopener noreferrer\">Artem Sapegin</a> on <a href=\"https://unsplash.com/s/photos/javascript?utm_source=unsplash&#x26;utm_medium=referral&#x26;utm_content=creditCopyText\" target=\"_blank\" rel=\"nofollow noopener noreferrer\">Unsplash</a></em></p>\n<h2 id=\"alert-\"><a href=\"#alert-\" aria-hidden=\"true\"><span class=\"icon icon-link\"></span></a>Alert 🚨</h2>\n<p>alert → It displays a message in an alert box with an ok button. While displaying the alert box, the script execution is paused until the user presses “OK” or “ESC” key.</p>\n<p>Syntax</p>\n<pre class=\"shiki\" style=\"background-color: #292D3E\"><code><span style=\"color: #82AAFF\">alert</span><span style=\"color: #FFFFFF\">(</span><span style=\"color: #A6ACCD\">message</span><span style=\"color: #FFFFFF\">)</span></code></pre>\n<p>Example</p>\n<pre class=\"shiki\" style=\"background-color: #292D3E\"><code><span style=\"color: #82AAFF\">alert</span><span style=\"color: #FFFFFF\">(</span><span style=\"color: #89DDFF\">\"</span><span style=\"color: #C3E88D\">This is a alert 🚨</span><span style=\"color: #89DDFF\">\"</span><span style=\"color: #FFFFFF\">)</span><span style=\"color: #89DDFF\">;</span></code></pre>\n<p>You can also pass any javascript statement.</p>\n<pre class=\"shiki\" style=\"background-color: #292D3E\"><code><span style=\"color: #82AAFF\">alert</span><span style=\"color: #FFFFFF\">(</span><span style=\"color: #F78C6C\">2</span><span style=\"color: #C792EA\">+</span><span style=\"color: #F78C6C\">4</span><span style=\"color: #FFFFFF\">)</span><span style=\"color: #89DDFF\">;</span></code></pre>\n<p>Calling a function</p>\n<pre class=\"shiki\" style=\"background-color: #292D3E\"><code><span style=\"color: #C792EA\">function</span><span style=\"color: #FFFFFF\"> </span><span style=\"color: #82AAFF\">getMessage</span><span style=\"color: #89DDFF\">()</span><span style=\"color: #FFFFFF\"> </span><span style=\"color: #89DDFF\">{</span>\n\n<span style=\"color: #FFFFFF\">    </span><span style=\"color: #89DDFF\">return</span><span style=\"color: #FFFFFF\"> </span><span style=\"color: #89DDFF\">\"</span><span style=\"color: #C3E88D\">Hi 👋 from Javascript Jeep </span><span style=\"color: #89DDFF\">\"</span><span style=\"color: #89DDFF\">;</span>\n<span style=\"color: #89DDFF\">}</span>\n\n<span style=\"color: #82AAFF\">alert</span><span style=\"color: #FFFFFF\">(</span><span style=\"color: #82AAFF\">getMessage</span><span style=\"color: #FFFFFF\">())</span></code></pre>\n<p>To display a line break you can use</p>\n<pre class=\"shiki\" style=\"background-color: #292D3E\"><code><span style=\"color: #82AAFF\">alert</span><span style=\"color: #FFFFFF\">(</span><span style=\"color: #89DDFF\">\"</span><span style=\"color: #C3E88D\">Hello from /n JavaScript Jeep</span><span style=\"color: #89DDFF\">\"</span><span style=\"color: #FFFFFF\">)</span><span style=\"color: #89DDFF\">;</span></code></pre>\n<h2 id=\"prompt\"><a href=\"#prompt\" aria-hidden=\"true\"><span class=\"icon icon-link\"></span></a>prompt</h2>\n<p>The <code>prompt</code> method requests the user to input a value by displaying a dialog with ok and cancel button. Script execution is paused until the user presses <code>“OK”</code> or <code>“Cancel”</code></p>\n<p>Syntax</p>\n<pre class=\"shiki\" style=\"background-color: #292D3E\"><code><span style=\"color: #C792EA\">let</span><span style=\"color: #FFFFFF\"> </span><span style=\"color: #A6ACCD\">returnValue</span><span style=\"color: #FFFFFF\"> </span><span style=\"color: #C792EA\">=</span><span style=\"color: #FFFFFF\"> </span><span style=\"color: #82AAFF\">prompt</span><span style=\"color: #FFFFFF\">(</span><span style=\"color: #A6ACCD\">message</span><span style=\"color: #89DDFF\">,</span><span style=\"color: #FFFFFF\"> [</span><span style=\"color: #A6ACCD\">default_value</span><span style=\"color: #FFFFFF\">])</span><span style=\"color: #89DDFF\">;</span></code></pre>\n<p><code>message</code> → The title to display in the dialog box.</p>\n<p><code>default_value</code> → The default (initial) value set in the input box. It is an optional argument in all browsers except, Internet Explorer. In IE if we don’t pass the default, it will insert the text \"undefined\" into the prompt.</p>\n<p>The call to prompt returns the text from the input field or null if the input was canceled.</p>\n<pre class=\"shiki\" style=\"background-color: #292D3E\"><code><span style=\"color: #C792EA\">const</span><span style=\"color: #FFFFFF\"> </span><span style=\"color: #A6ACCD\">YOB</span><span style=\"color: #FFFFFF\"> </span><span style=\"color: #C792EA\">=</span><span style=\"color: #FFFFFF\"> </span><span style=\"color: #82AAFF\">prompt</span><span style=\"color: #FFFFFF\">(</span><span style=\"color: #89DDFF\">\"</span><span style=\"color: #C3E88D\">What is your Year of Birth?</span><span style=\"color: #89DDFF\">\"</span><span style=\"color: #89DDFF\">,</span><span style=\"color: #FFFFFF\"> </span><span style=\"color: #89DDFF\">''</span><span style=\"color: #FFFFFF\">)</span><span style=\"color: #89DDFF\">;</span></code></pre>\n<p>If the user enters a value and press “OK”, then the value stored in age is user input. If the user clicks the “Cancel” button or “Esc” key, then the value of age is null</p>\n<pre class=\"shiki\" style=\"background-color: #292D3E\"><code><span style=\"color: #C792EA\">let</span><span style=\"color: #FFFFFF\"> </span><span style=\"color: #A6ACCD\">YOB</span><span style=\"color: #FFFFFF\"> </span><span style=\"color: #C792EA\">=</span><span style=\"color: #FFFFFF\"> </span><span style=\"color: #82AAFF\">prompt</span><span style=\"color: #FFFFFF\">(</span><span style=\"color: #89DDFF\">'</span><span style=\"color: #C3E88D\">What is your Year of Birth?</span><span style=\"color: #89DDFF\">'</span><span style=\"color: #89DDFF\">,</span><span style=\"color: #FFFFFF\"> </span><span style=\"color: #F78C6C\">1900</span><span style=\"color: #FFFFFF\">)</span><span style=\"color: #89DDFF\">;</span>\n\n<span style=\"color: #C792EA\">const</span><span style=\"color: #FFFFFF\"> </span><span style=\"color: #A6ACCD\">currentYear</span><span style=\"color: #FFFFFF\"> </span><span style=\"color: #C792EA\">=</span><span style=\"color: #FFFFFF\"> </span><span style=\"color: #C792EA\">new</span><span style=\"color: #FFFFFF\"> </span><span style=\"color: #FFCB6B\">Date</span><span style=\"color: #FFFFFF\">()</span><span style=\"color: #89DDFF\">.</span><span style=\"color: #82AAFF\">getFullYear</span><span style=\"color: #FFFFFF\">()</span><span style=\"color: #89DDFF\">;</span>\n\n<span style=\"color: #89DDFF\">if</span><span style=\"color: #FFFFFF\">(YOB </span><span style=\"color: #C792EA\">===</span><span style=\"color: #FFFFFF\"> </span><span style=\"color: #F78C6C\">null</span><span style=\"color: #FFFFFF\">) </span><span style=\"color: #89DDFF\">{</span>\n<span style=\"color: #FFFFFF\">    YOB </span><span style=\"color: #C792EA\">=</span><span style=\"color: #FFFFFF\"> </span><span style=\"color: #F78C6C\">1900</span>\n<span style=\"color: #89DDFF\">}</span>\n\n<span style=\"color: #82AAFF\">alert</span><span style=\"color: #FFFFFF\">(</span><span style=\"color: #89DDFF\">`</span><span style=\"color: #C3E88D\">You are </span><span style=\"color: #89DDFF\">${</span><span style=\"color: #A6ACCD\">currentYear</span><span style=\"color: #C3E88D\"> </span><span style=\"color: #C792EA\">-</span><span style=\"color: #C3E88D\"> YOB</span><span style=\"color: #89DDFF\">}</span><span style=\"color: #C3E88D\"> years old!</span><span style=\"color: #89DDFF\">`</span><span style=\"color: #FFFFFF\">)</span><span style=\"color: #89DDFF\">;</span><span style=\"color: #FFFFFF\"> </span><span style=\"color: #676E95\">// You are 100 years old!</span></code></pre>\n<h2 id=\"confirm\"><a href=\"#confirm\" aria-hidden=\"true\"><span class=\"icon icon-link\"></span></a>confirm</h2>\n<p>The <code>confirm</code> method will display a confirm box displaying a message (usually a question) with ok and cancel button .</p>\n<p>Syntax</p>\n<pre class=\"shiki\" style=\"background-color: #292D3E\"><code><span style=\"color: #C792EA\">let</span><span style=\"color: #FFFFFF\"> </span><span style=\"color: #A6ACCD\">isConfirmed</span><span style=\"color: #FFFFFF\"> </span><span style=\"color: #C792EA\">=</span><span style=\"color: #FFFFFF\"> </span><span style=\"color: #82AAFF\">confirm</span><span style=\"color: #FFFFFF\">(</span><span style=\"color: #A6ACCD\">question</span><span style=\"color: #FFFFFF\">)</span><span style=\"color: #89DDFF\">;</span></code></pre>\n<p>The confirm method returns true if OK is pressed and false otherwise.</p>\n<p>Example</p>\n<pre class=\"shiki\" style=\"background-color: #292D3E\"><code><span style=\"color: #C792EA\">let</span><span style=\"color: #FFFFFF\"> </span><span style=\"color: #A6ACCD\">canDelete</span><span style=\"color: #FFFFFF\"> </span><span style=\"color: #C792EA\">=</span><span style=\"color: #FFFFFF\"> </span><span style=\"color: #82AAFF\">confirm</span><span style=\"color: #FFFFFF\">(</span><span style=\"color: #89DDFF\">\"</span><span style=\"color: #C3E88D\">Do you want to delete the file ? </span><span style=\"color: #89DDFF\">\"</span><span style=\"color: #FFFFFF\">)</span><span style=\"color: #89DDFF\">;</span></code></pre>\n<h2 id=\"conclusion\"><a href=\"#conclusion\" aria-hidden=\"true\"><span class=\"icon icon-link\"></span></a>Conclusion</h2>\n<p>All these methods pause the script execution and don’t allow the user to interact with the rest of the page until the window is closed.</p>\n<p>The location and style of the dialog is not customizable.</p>\n<p><a href=\"https://www.paypal.me/jagathishSaravanan?locale.x=en_GB\" target=\"_blank\" rel=\"nofollow noopener noreferrer\">Please, donate me here. Even a small penny is huge to me</a></p>\n","tags":[{"title":"Js","path":"/tag/Js/"},{"title":"arguments","path":"/tag/arguments/"},{"title":"jstips","path":"/tag/jstips/"},{"title":"ui","path":"/tag/ui/"}]}},"context":{}}