{"hash":"c0bfea78716c83d169fe3463f6e3fd489ed075b7","data":{"tag":{"title":"terminal","belongsTo":{"totalCount":1,"pageInfo":{"totalPages":1,"currentPage":1},"edges":[{"node":{"title":"Impress Your Friends With These Fun and Useful Mac Terminal Commands","timeToRead":3,"date":"May 28, 2020","path":"/mac-tricks","summary":"Learn how to Display the weather, shut down your computer, and more, all from your terminal.","tags":[{"title":"terminal"},{"title":"mac"},{"title":"life-hacks"},{"title":"hacks"}]}}]}}},"context":{}}