{"hash":"c0bfea78716c83d169fe3463f6e3fd489ed075b7","data":{"tag":{"title":"js","belongsTo":{"totalCount":1,"pageInfo":{"totalPages":1,"currentPage":1},"edges":[{"node":{"title":"Replace String Concatenation using Template Literals in JavaScript","timeToRead":2,"date":"May 28, 2020","path":"/template-literal","summary":"Template Literals allows you to embed javascript expression inside the string and call functions using Tagged template literal","tags":[{"title":"String"},{"title":"js"},{"title":"es6"},{"title":"JavaScript"}]}}]}}},"context":{}}